Workbook

Sheet Hướng dẫn
A1: PHIẾU THU THẬP MINH CHỨNG & CHẤM ĐIỂM CĐS (DBI)
A3: Ngân hàng | B3: BIDV | C3: ← Tên ngân hàng: KHÔNG sửa (code đọc ô B3 để nhận diện)
A4: Người phụ trách | B4: VLy
A5: Năm dữ liệu (FY) | B5: 2025
A6: Deadline nộp | B6: 09/10
A8: CÁCH ĐIỀN (sheet "Chấm điểm")
A9: 1. Chỉ điền vào các cột nền VÀNG (Level, Minh chứng, Nguồn, Trang, Năm, Ghi chú). Cột xám là cố định, không sửa.
A10: 2. Đọc mô tả Mức 1–5 ở các cột bên phải của từng tiêu chí, rồi đọc minh chứng đã ghi để chọn Level.
A11: 3. Level: chọn từ danh sách 1, 2, 3, 4, 5 hoặc N/A (không có minh chứng công khai). Không để trống.
A12: 4. Trả lời 3 câu hỏi: (a) có tồn tại không; (b) phạm vi: một phần / một cụm / toàn ngân hàng / cùng đối tác; (c) có số liệu hoặc cam kết đo lường không.
A13: 5. Minh chứng: ghi ngắn gọn điều ngân hàng đã làm, ưu tiên có số liệu. Không chép nguyên đoạn dài.
A14: 6. Nguồn: tên tài liệu hoặc URL. Nhiều nguồn thì cách nhau bằng dấu chấm phẩy ( ; ). Ưu tiên BCTN, BC PTBV, website ngân hàng hơn tin tức.
A15: 7. Trang: số trang trong tài liệu (nếu là website thì ghi "web"). Năm: năm của tài liệu/bài đăng.
A16: 8. Chỉ dùng dữ liệu công khai. Chấm theo minh chứng đã ghi, không chấm theo ấn tượng chung về ngân hàng.
A17: 9. Không thêm/xóa/đổi thứ tự dòng, không đổi tên cột, không đổi mã tiêu chí (phải đủ 140 mã).
A19: VÍ DỤ ĐIỀN (chỉ minh họa, KHÔNG chép vào sheet Chấm điểm)
A20: Mã | B20: Level | C20: Minh chứng | D20: Nguồn | E20: Trang | F20: Năm
A21: 1.1.1 | B21: 3 | C21: Ứng dụng gợi ý sản phẩm/ưu đãi theo hành vi giao dịch cho nhóm khách hàng cá nhân; chưa nêu phạm vi toàn ngân hàng. | D21: BCTN 2025; website mục Ngân hàng số | E21: 45 | F21: 2025
A22: 1.1.2 | B22: N/A | C22: Không tìm thấy thông tin công khai.
A25: TIẾN ĐỘ & KIỂM TRA TỰ ĐỘNG
A26: Trụ cột | B26: Tổng tiêu chí | C26: Đã có Level (1–5) | D26: N/A | E26: Còn trống
A27: 1. Trụ cột Khách hàng | B27: =COUNTIF('Chấm điểm'!$A$2:$A$141,A27) -> 25 | C27: =COUNTIFS('Chấm điểm'!$A$2:$A$141,A27,'Chấm điểm'!$E$2:$E$141,">=1",'Chấm điểm'!$E$2:$E$141,"<=5") -> 24 | D27: =COUNTIFS('Chấm điểm'!$A$2:$A$141,A27,'Chấm điểm'!$E$2:$E$141,"N/A") -> 1 | E27: =B27-C27-D27 -> 0
A28: 2. Trụ cột Chiến lược | B28: =COUNTIF('Chấm điểm'!$A$2:$A$141,A28) -> 24 | C28: =COUNTIFS('Chấm điểm'!$A$2:$A$141,A28,'Chấm điểm'!$E$2:$E$141,">=1",'Chấm điểm'!$E$2:$E$141,"<=5") -> 23 | D28: =COUNTIFS('Chấm điểm'!$A$2:$A$141,A28,'Chấm điểm'!$E$2:$E$141,"N/A") -> 1 | E28: =B28-C28-D28 -> 0
A29: 3. Trụ cột Công nghệ | B29: =COUNTIF('Chấm điểm'!$A$2:$A$141,A29) -> 29 | C29: =COUNTIFS('Chấm điểm'!$A$2:$A$141,A29,'Chấm điểm'!$E$2:$E$141,">=1",'Chấm điểm'!$E$2:$E$141,"<=5") -> 19 | D29: =COUNTIFS('Chấm điểm'!$A$2:$A$141,A29,'Chấm điểm'!$E$2:$E$141,"N/A") -> 10 | E29: =B29-C29-D29 -> 0
A30: 4. Trụ cột Vận hành | B30: =COUNTIF('Chấm điểm'!$A$2:$A$141,A30) -> 22 | C30: =COUNTIFS('Chấm điểm'!$A$2:$A$141,A30,'Chấm điểm'!$E$2:$E$141,">=1",'Chấm điểm'!$E$2:$E$141,"<=5") -> 14 | D30: =COUNTIFS('Chấm điểm'!$A$2:$A$141,A30,'Chấm điểm'!$E$2:$E$141,"N/A") -> 8 | E30: =B30-C30-D30 -> 0
A31: 5. Trụ cột Văn hóa | B31: =COUNTIF('Chấm điểm'!$A$2:$A$141,A31) -> 22 | C31: =COUNTIFS('Chấm điểm'!$A$2:$A$141,A31,'Chấm điểm'!$E$2:$E$141,">=1",'Chấm điểm'!$E$2:$E$141,"<=5") -> 19 | D31: =COUNTIFS('Chấm điểm'!$A$2:$A$141,A31,'Chấm điểm'!$E$2:$E$141,"N/A") -> 3 | E31: =B31-C31-D31 -> 0
A32: 6. Trụ cột Dữ liệu | B32: =COUNTIF('Chấm điểm'!$A$2:$A$141,A32) -> 18 | C32: =COUNTIFS('Chấm điểm'!$A$2:$A$141,A32,'Chấm điểm'!$E$2:$E$141,">=1",'Chấm điểm'!$E$2:$E$141,"<=5") -> 10 | D32: =COUNTIFS('Chấm điểm'!$A$2:$A$141,A32,'Chấm điểm'!$E$2:$E$141,"N/A") -> 8 | E32: =B32-C32-D32 -> 0
A33: TỔNG | B33: =SUM(B27:B32) -> 140 | C33: =SUM(C27:C32) -> 109 | D33: =SUM(D27:D32) -> 31 | E33: =SUM(E27:E32) -> 0
A35: Level sai (khác 1–5 và N/A) | D35: =COUNTA('Chấm điểm'!$E$2:$E$141)-COUNT('Chấm điểm'!$E$2:$E$141)-COUNTIF('Chấm điểm'!$E$2:$E$141,"N/A")+COUNT('Chấm điểm'!$E$2:$E$141)-COUNTIFS('Chấm điểm'!$E$2:$E$141,">=1",'Chấm điểm'!$E$2:$E$141,"<=5") -> 0
A36: Có Level 1–5 nhưng thiếu Minh chứng | D36: =SUMPRODUCT(ISNUMBER('Chấm điểm'!$E$2:$E$141)*('Chấm điểm'!$F$2:$F$141="")) -> 0
A37: Có Level 1–5 nhưng thiếu Nguồn | D37: =SUMPRODUCT(ISNUMBER('Chấm điểm'!$E$2:$E$141)*('Chấm điểm'!$G$2:$G$141="")) -> 0
A38: Mục tiêu: "Còn trống" = 0 và cả 3 ô kiểm tra = 0 trước khi nộp.

Sheet Chấm điểm
A1: Trụ cột | B1: Nhóm tiêu chí | C1: Mã | D1: Tiêu chí | E1: Level | F1: Minh chứng | G1: Nguồn | H1: Trang | I1: Năm | J1: Ghi chú | K1: Mức 1 | L1: Mức 2 | M1: Mức 3 | N1: Mức 4 | O1: Mức 5
A2: 1. Trụ cột Khách hàng | B2: Góc nhìn của khách hàng đối với sản phẩm, dịch vụ | C2: 1.1.1 | D2: Cá nhân hóa trải nghiệm | E2: 3 | F2: SmartBanking X (07/2025) dùng AI/ML phân tích chi tiêu, dự đoán hành vi và gợi ý tính năng/ưu đãi theo nhu cầu; hai giao diện Pearl X/Emerald X (Emerald có hỗ trợ cá nhân 1:1); giải Sao Khuê 2025 cho tài khoản số đẹp cá nhân hóa dựa trên dữ liệu khách hàng. | G2: BIDV, Báo cáo thường niên 2025 (bidv.com.vn - Quan hệ nhà đầu tư); thitruongtaichinhtiente.vn, 'BIDV SmartBanking phiên bản X - dấu ấn tiên phong cùng loạt tính năng mới' (07/2025) | H2: 12-13; 84-85 | I2: 2025 | J2: Độ tin cậy: TB. Chưa có chỉ số đo mức độ cá nhân hóa toàn ngân hàng. | K2: Có ít hoặc chưa có cá nhân hóa trong trải nghiệm khách hàng. | L2: Một số khía cạnh trong trải nghiệm khách hàng được cá nhân hóa dựa trên thông tin về khách hàng thu thập được ở một số bộ phận, đơn vị chức năng. | M2: Một số khía cạnh trong trải nghiệm khách hàng được cá nhân hóa dựa trên thông tin về khách hàng thu thập được và triển khai ở một số cụm các bộ phận, đơn vị chức năng. | N2: Tất cả các khía cạnh trong trải nghiệm khách hàng được cá nhân hóa dựa trên thông tin về khách hàng thu thập được và triển khai trong toàn doanh nghiệp. | O2: Tất cả các khía cạnh trong trải nghiệm khách hàng được cá nhân hóa dựa trên thông tin về khách hàng thu thập được, triển khai trong toàn doanh nghiệp và các đối tác trong hệ sinh thái của doanh nghiệp.
A3: 1. Trụ cột Khách hàng | B3: Góc nhìn của khách hàng đối với sản phẩm, dịch vụ | C3: 1.1.2 | D3: Tiếp thị mục tiêu | E3: 3 | F3: SmartBanking X gợi ý ưu đãi theo nhu cầu; cán bộ dùng CRM và Daily Dashboard quản lý danh mục khách hàng theo phân khúc; AI hỗ trợ tư vấn. | G3: BIDV, Báo cáo thường niên 2025 (bidv.com.vn - Quan hệ nhà đầu tư); thitruongtaichinhtiente.vn, 'BIDV SmartBanking phiên bản X - dấu ấn tiên phong cùng loạt tính năng mới' (07/2025) | H3: 84-85; 98-99 | I3: 2025 | J3: Độ tin cậy: TB. Chưa có số liệu hiệu quả tiếp thị nhắm mục tiêu. | K3: Có một số nội dung tiếp thị được nhắm mục tiêu. | L3: Hầu hết nội dung tiếp thị được nhắm mục tiêu. | M3: Hầu hết nội dung tiếp thị được nhắm mục tiêu và có liên quan đến bối cảnh của khách hàng. | N3: Tất cả nội dung tiếp thị trong doanh nghiệp được nhắm mục tiêu và có liên quan đến bối cảnh của khách hàng. | O3: Tất cả nội dung tiếp thị từ cả doanh nghiệp và các đối tác trong hệ sinh thái của doanh nghiệp đều được nhắm mục tiêu và có liên quan đến bối cảnh của khách hàng.
A4: 1. Trụ cột Khách hàng | B4: Góc nhìn của khách hàng đối với sản phẩm, dịch vụ | C4: 1.1.3 | D4: Tự tùy chỉnh | E4: 3 | F4: SmartBanking X kiến trúc Plug & Play, tự phục vụ: đầu tư tự động, vay ứng lương, mở thẻ online, quản lý tài chính, quản lý chứng khoán; chọn giao diện Pearl/Emerald. | G4: BIDV, Báo cáo thường niên 2025 (bidv.com.vn - Quan hệ nhà đầu tư); thitruongtaichinhtiente.vn, 'BIDV SmartBanking phiên bản X - dấu ấn tiên phong cùng loạt tính năng mới' (07/2025) | H4: 12-13 | I4: 2025 | J4: Độ tin cậy: TB. | K4: Có rất ít công cụ sẵn có để cho phép khách hàng tùy chỉnh sản phẩm và dịch vụ. | L4: Một số công cụ có sẵn để cho phép khách hàng tùy chỉnh một số sản phẩm và dịch vụ. | M4: Một loạt các công cụ có sẵn để cho phép khách hàng tùy chỉnh tương đối đầy đủ cho một số sản phẩm và dịch vụ. | N4: Một loạt các công cụ được doanh nghiệp cung cấp cho phép khách hàng tùy chỉnh hoàn toàn cho các sản phẩm và dịch vụ của chính họ cùng một lúc. | O4: Một loạt các công cụ được doanh nghiệp và các đối tác trong hệ sinh thái của doanh nghiệp cung cấp cho phép khách hàng tùy chỉnh đầy đủ cho tất cả các sản phẩm và dịch vụ cùng một lúc.
A5: 1. Trụ cột Khách hàng | B5: Góc nhìn của khách hàng đối với sản phẩm, dịch vụ | C5: 1.1.4 | D5: Dễ sử dụng | E5: 3 | F5: Điểm chất lượng dịch vụ tổng thể gần 97; hệ thống IT vận hành thông suốt khi khối lượng giao dịch tăng 1,5 lần; SmartBanking X làm mới giao diện (07/2025). | G5: BIDV, Báo cáo thường niên 2025 (bidv.com.vn - Quan hệ nhà đầu tư); thitruongtaichinhtiente.vn, 'BIDV SmartBanking phiên bản X - dấu ấn tiên phong cùng loạt tính năng mới' (07/2025) | H5: 84-85; 98-99 | I5: 2025 | J5: Độ tin cậy: TB. Chưa có chỉ số riêng về mức độ dễ dàng (CES) nên giữ 3. | K5: Có rất ít hoạt động tương tác với doanh nghiệp khiến khách hàng cảm thấy dễ dàng được đáp ứng nhu cầu cá nhân. | L5: Một số tương tác với doanh nghiệp khiến khách hàng cảm thấy dễ dàng được đáp ứng nhu cầu cá nhân. | M5: Hầu hết các tương tác với doanh nghiệp khiến khách hàng cảm thấy dễ dàng được đáp ứng nhu cầu cá nhân. | N5: Tất cả các tương tác với doanh nghiệp khiến khách hàng cảm thấy dễ dàng được đáp ứng nhu cầu cá nhân. | O5: Tất cả các tương tác với doanh nghiệp và các đối tác trong hệ sinh thái của doanh nghiệp khiến khách hàng cảm thấy dễ dàng được đáp ứng nhu cầu cá nhân.
A6: 1. Trụ cột Khách hàng | B6: Góc nhìn của khách hàng đối với sản phẩm, dịch vụ | C6: 1.1.5 | D6: Mức độ hứng thú của khách hàng | E6: 3 | F6: NPS 76,7% phản ánh mức độ gắn kết tích cực, xu hướng duy trì quan hệ lâu dài của khách hàng. | G6: BIDV, Báo cáo thường niên 2025 (bidv.com.vn - Quan hệ nhà đầu tư) | H6: 84-85 | I6: 2025 | J6: Độ tin cậy: Thấp. NPS dùng làm chỉ báo gián tiếp. | K6: Có rất ít hoạt động tương tác của khách hàng với doanh nghiệp khiến khách hàng cảm thấy thú vị. | L6: Một số hoạt động tương tác của khách hàng với doanh nghiệp khiến khách hàng cảm thấy thú vị. | M6: Hầu hết hoạt động tương tác của khách hàng với doanh nghiệp khiến khách hàng cảm thấy thú vị. | N6: Tất cả hoạt động tương tác của khách hàng với doanh nghiệp khiến khách hàng cảm thấy thú vị. | O6: Tất cả hoạt động tương tác của khách hàng với doanh nghiệp và các đối tác trong hệ sinh thái của doanh nghiệp khiến khách hàng cảm thấy thú vị.
A7: 1. Trụ cột Khách hàng | B7: Góc nhìn của khách hàng đối với sản phẩm, dịch vụ | C7: 1.1.6 | D7: Tương tác số | E7: 3 | F7: 96% giao dịch tài chính khách hàng cá nhân và 56% khách hàng tổ chức qua kênh số; ~12 triệu người dùng SmartBanking; BCTN nêu đại đa số sản phẩm dịch vụ đã số hóa toàn trình. | G7: thitruongtaichinhtiente.vn, 'BIDV tiên phong với chiến lược kép: số hóa - xanh hóa' (10/2025); BIDV, Báo cáo thường niên 2025 (bidv.com.vn - Quan hệ nhà đầu tư) | H7: 88-89 | I7: 2025 | J7: Độ tin cậy: Cao. Tỷ lệ khách hàng tổ chức mới 56% nên chấm 3. | K7: Có rất ít tương tác có thể được thực hiện trên các kênh số. | L7: Một số tương tác của khách hàng với doanh nghiệp có thể được thực hiện trên các kênh số. | M7: Hầu hết các tương tác của khách hàng với doanh nghiệp có thể được thực hiện trên các kênh số. | N7: Tất cả các tương tác của khách hàng với doanh nghiệp có thể được thực hiện trên các kênh số. | O7: Tất cả các tương tác của khách hàng với doanh nghiệp và các đối tác trong hệ sinh thái của doanh nghiệp có thể được thực hiện trên các kênh số.
A8: 1. Trụ cột Khách hàng | B8: Góc nhìn của khách hàng đối với sản phẩm, dịch vụ | C8: 1.1.7 | D8: Chủ động chăm sóc | E8: 3 | F8: SmartBanking X dùng AI/ML phát hiện sớm và cảnh báo giao dịch nghi ngờ; truyền thông cảnh báo rủi ro gian lận cho khách hàng. | G8: thitruongtaichinhtiente.vn, 'BIDV SmartBanking phiên bản X - dấu ấn tiên phong cùng loạt tính năng mới' (07/2025); BIDV, Báo cáo thường niên 2025 (bidv.com.vn - Quan hệ nhà đầu tư) | H8: 84-85 | I8: 2025 | J8: Độ tin cậy: TB. | K8: Có rất ít nhu cầu hoặc vấn đề của khách hàng được doanh nghiệp dự đoán trước. | L8: Một số nhu cầu hoặc vấn đề của khách hàng được doanh nghiệp dự đoán trước. | M8: Hầu hết các nhu cầu hoặc vấn đề của khách hàng đều được doanh nghiệp dự đoán trước. | N8: Tất cả các nhu cầu hoặc vấn đề của khách hàng đều được doanh nghiệp dự đoán trước. | O8: Tất cả các nhu cầu hoặc vấn đề của khách hàng đều được doanh nghiệp hoặc các đối tác trong hệ sinh thái của doanh nghiệp dự đoán trước.
A9: 1. Trụ cột Khách hàng | B9: Góc nhìn của khách hàng đối với sản phẩm, dịch vụ | C9: 1.1.8 | D9: Gắn kết xã hội | E9: 2 | F9: Hàng trăm chương trình an sinh xã hội; khoảng 200 kiosk y tế thông minh; truyền thông hướng dẫn khách hàng sử dụng dịch vụ an toàn. | G9: BIDV, Báo cáo thường niên 2025 (bidv.com.vn - Quan hệ nhà đầu tư) | H9: 78-79; 84-85 | I9: 2025 | J9: Độ tin cậy: Thấp. Là hoạt động cộng đồng, chưa phải gắn kết xã hội giữa khách hàng. | K9: Sự gắn kết xã hội chưa được xem xét. | L9: Ít nhất một đơn vị bộ phận, đơn vị chức năng có hoạt động thúc đẩy sự gắn kết xã hội với và giữa các khách hàng để khuyến khích sự trung thành. | M9: Hầu hết các đơn vị bộ phận, đơn vị chức năng có hoạt động thúc đẩy sự gắn kết xã hội với và giữa các khách hàng để khuyến khích sự trung thành. | N9: Toàn bộ các đơn vị bộ phận, đơn vị chức năng có hoạt động thúc đẩy sự gắn kết xã hội với và giữa các khách hàng để khuyến khích sự trung thành. | O9: Toàn bộ các đơn vị bộ phận, đơn vị chức năng của doanh nghiệp và các đối tác trong hệ sinh thái có hoạt động thúc đẩy sự gắn kết xã hội với và giữa các khách hàng để khuyến khích sự trung thành.
A10: 1. Trụ cột Khách hàng | B10: Góc nhìn của khách hàng đối với sản phẩm, dịch vụ | C10: 1.1.9 | D10: Thúc đẩy mức độ trung thành | E10: 2 | F10: NPS đạt 83,1%; mục tiêu ESG 2030: NPS nằm trong top 10 thương hiệu có trải nghiệm tốt nhất VN. Chưa thấy chương trình thúc đẩy trung thành cụ thể. | G10: BIDV, Báo cáo phát triển bền vững 2025 | H10: 10-11 | I10: 2025 | K10: Các chương trình thúc đẩy sự trung thành chưa được doanh nghiệp tích cực xem xét. | L10: Doanh nghiệp khuyến khích toàn bộ các bộ phận, đơn vị chức năng có liên quan đến khách hàng triển khai các hành động để thúc đẩy sự trung thành của khách hàng với thương hiệu. | M10: Một số bộ phận, đơn vị chức năng có hành động thực tế thúc đẩy sự trung thành của khách hàng với thương hiệu. | N10: Toàn bộ các bộ phận, đơn vị chức năng liên quan đến khách hàng có hành động thực tế thúc đẩy sự trung thành của khách hàng với thương hiệu. | O10: Toàn bộ các bộ phận, đơn vị chức năng liên quan đến khách hàng và hệ sinh thái có hành động thực tế thúc đẩy sự trung thành của khách hàng với thương hiệu.
A11: 1. Trụ cột Khách hàng | B11: Quản lý trải nghiệm khách hàng | C11: 1.2.1 | D11: Tầm nhìn về trải nghiệm khách hàng | E11: 4 | F11: BIDV 'kiên định định hướng lấy khách hàng làm trọng tâm', coi chăm sóc và bảo vệ quyền lợi khách hàng là nền tảng; quản lý trải nghiệm theo hướng lắng nghe chủ động, phản hồi kịp thời, cải tiến liên tục; định vị 'Thân thiện - Hiện đại - Nghĩa tình'. | G11: BIDV, Báo cáo thường niên 2025 (bidv.com.vn - Quan hệ nhà đầu tư) | H11: 82-85; 90-91 | I11: 2025 | J11: Độ tin cậy: Cao. | K11: Doanh nghiệp chưa có bất kỳ tầm nhìn về trải nghiệm khách hàng. | L11: Một số bộ phận, đơn vị chức năng đã bắt đầu xác định tầm nhìn về trải nghiệm của khách hàng. | M11: Doanh nghiệp có một tầm nhìn về trải nghiệm khách hàng được xác định rõ ràng, được một số bộ phận, đơn vị chức năng áp dụng. | N11: Doanh nghiệp có tầm nhìn chung về trải nghiệm khách hàng được xác định rõ ràng và dễ hiểu. | O11: Doanh nghiệp và các đối tác trong hệ sinh thái của doanh nghiệp có tầm nhìn chung về trải nghiệm khách hàng được xác định rõ ràng và dễ hiểu.
A12: 1. Trụ cột Khách hàng | B12: Quản lý trải nghiệm khách hàng | C12: 1.2.2 | D12: Thiết kế theo định hướng của trải nghiệm khách hàng | E12: 3 | F12: Dự án chuyển đổi toàn diện ngân hàng bán lẻ thực thi theo chuẩn tư vấn quốc tế; cán bộ dùng CRM, Daily Dashboard; Contact Center đa kênh hợp nhất hướng tới trải nghiệm nhất quán. | G12: BIDV, Báo cáo thường niên 2025 (bidv.com.vn - Quan hệ nhà đầu tư) | H12: 84-85; 98-99 | I12: 2025 | J12: Độ tin cậy: TB. | K12: Trải nghiệm khách hàng chưa được xem xét một cách có chủ ý. | L12: Trải nghiệm khách hàng được xem xét bởi ít nhất một bộ phận, đơn vị chức năng của doanh nghiệp trong việc thiết kế và triển khai các sản phẩm và dịch vụ. | M12: Trải nghiệm khách hàng được xem xét bởi hầu hết các bộ phận, đơn vị chức năng của doanh nghiệp trong việc thiết kế và triển khai các sản phẩm và dịch vụ. | N12: Trải nghiệm khách hàng được doanh nghiệp xem xét đầy đủ trong thiết kế và triển khai các sản phẩm và dịch vụ. | O12: Trải nghiệm của khách hàng được doanh nghiệp và các đối tác trong hệ sinh thái của doanh nghiệp xem xét đầy đủ trong quá trình thiết kế và triển khai các sản phẩm và dịch vụ.
A13: 1. Trụ cột Khách hàng | B13: Quản lý trải nghiệm khách hàng | C13: 1.2.3 | D13: Có ngân sách đầu tư để đạt các mục tiêu trải nghiệm khách hàng | E13: N/A | F13: Không tìm thấy thông tin công khai. | J13: Chưa tách ngân sách trải nghiệm khách hàng. | K13: Doanh nghiệp chưa có kế hoạch đầu tư để đạt được tầm nhìn trải nghiệm của khách hàng. | L13: Ít nhất một đơn vị bộ phận, đơn vị chức năng trong doanh nghiệp lên kế hoạch đầu tư để đạt được tầm nhìn trải nghiệm khách hàng của mình. | M13: Hầu hết các bộ phận, đơn vị chức năng trong doanh nghiệp đều lên kế hoạch đầu tư để đạt được tầm nhìn về trải nghiệm khách hàng của họ. | N13: Toàn bộ bộ phận, đơn vị chức năng có liên quan đến khách hàng có kế hoạch đầu tư để đạt được tầm nhìn về trải nghiệm của khách hàng. | O13: Toàn bộ bộ phận, đơn vị chức năng có liên quan đến khách hàng và hệ sinh thái có kế hoạch đầu tư để đạt được tầm nhìn về trải nghiệm của khách hàng.
A14: 1. Trụ cột Khách hàng | B14: Quản lý trải nghiệm khách hàng | C14: 1.2.4 | D14: Phạm vi danh mục sản phẩm và dịch vụ | E14: 4 | F14: Danh mục số: SmartBanking X, BIDV Direct (ngân hàng số mới cho doanh nghiệp), MyShop Pro, Etax Mobile, thanh toán Cổng dịch vụ công quốc gia; hơn 40 giải thưởng 2025 (Ngân hàng bán lẻ tốt nhất VN, 7 giải Sao Khuê). | G14: BIDV, Báo cáo thường niên 2025 (bidv.com.vn - Quan hệ nhà đầu tư); thitruongtaichinhtiente.vn, 'BIDV triển khai nhiệm vụ kinh doanh năm 2026' (Etax Mobile, MyShop Pro) | H14: 12-15; 88-91 | I14: 2025 | J14: Độ tin cậy: TB. | K14: Trải nghiệm khách hàng chưa được xem xét trong phát triển danh mục sản phẩm và dịch vụ. | L14: Trải nghiệm khách hàng là một phần của danh mục sản phẩm và dịch vụ được cung cấp bởi ít nhất một bộ phận, đơn vị chức năng. | M14: Trải nghiệm khách hàng là một phần không thể thiếu trong danh mục sản phẩm và dịch vụ được cung cấp bởi hầu hết các bộ phận, đơn vị chức năng. | N14: Trải nghiệm khách hàng là một phần không thể thiếu trong danh mục sản phẩm và dịch vụ do doanh nghiệp cung cấp. | O14: Trải nghiệm của khách hàng là một phần không thể thiếu trong danh mục sản phẩm và dịch vụ do doanh nghiệp và các đối tác trong hệ sinh thái của doanh nghiệp cung cấp.
A15: 1. Trụ cột Khách hàng | B15: Quản lý trải nghiệm khách hàng | C15: 1.2.5 | D15: Quá trình đăng ký sử dụng sản phẩm và dịch vụ | E15: 3 | F15: Định danh điện tử cho khách hàng tổ chức (Sao Khuê 2025); mở thẻ online, vay ứng lương tự động trên SmartBanking; đăng ký bằng eKYC. | G15: BIDV, Báo cáo thường niên 2025 (bidv.com.vn - Quan hệ nhà đầu tư); thitruongtaichinhtiente.vn, 'BIDV SmartBanking phiên bản X - dấu ấn tiên phong cùng loạt tính năng mới' (07/2025) | H15: 12-13 | I15: 2025 | J15: Độ tin cậy: TB. | K15: Trải nghiệm của khách hàng chưa được đưa vào quá trình tiếp cận và giới thiệu đăng ký sản phẩm và dịch vụ cho khách hàng mới. | L15: Có ít nhất một bộ phận, đơn vị chức năng đưa trải nghiệm khách hàng vào quá trình tiếp cận và giới thiệu đăng ký sản phẩm và dịch vụ dành cho khách hàng mới. | M15: Hầu hết các bộ phận, đơn vị chức năng đưa trải nghiệm khách hàng vào quá trình tiếp cận và giới thiệu đăng ký sản phẩm và dịch vụ dành cho khách hàng mới. | N15: Toàn bộ doanh nghiệp đưa trải nghiệm khách hàng vào quá trình tiếp cận và giới thiệu đăng ký sản phẩm và dịch vụ dành cho khách hàng mới. | O15: Toàn bộ doanh nghiệp và hệ sinh thái của doanh nghiệp đưa trải nghiệm khách hàng được đưa vào quá trình tiếp cận và giới thiệu đăng ký sản phẩm và dịch vụ dành cho khách hàng mới.
A16: 1. Trụ cột Khách hàng | B16: Quản lý trải nghiệm khách hàng | C16: 1.2.6 | D16: Đa kênh hợp nhất | E16: 3 | F16: Contact Center đa kênh hợp nhất, trải nghiệm hỗ trợ nhất quán trên mọi kênh; Chatbot mở rộng trên nền tảng ngân hàng số cho cả khách hàng doanh nghiệp. | G16: BIDV, Báo cáo thường niên 2025 (bidv.com.vn - Quan hệ nhà đầu tư) | H16: 84-85 | I16: 2025 | J16: Độ tin cậy: TB. BCTN dùng 'từng bước hoàn thiện' nên chấm 3. | K16: Khách hàng chưa thể bắt đầu hành trình trên một kênh/thiết bị và tiếp tục ở một kênh/thiết bị khác. | L16: Doanh nghiệp quản lý được bối cảnh của một số cấu phần trong hành trình khách hàng liên thông trên hầu hết các kênh và thiết bị. | M16: Doanh nghiệp quản lý được bối cảnh của hầu hết các hành trình khách hàng liên thông trên hầu hết các kênh và thiết bị. | N16: Doanh nghiệp quản lý được bối cảnh của toàn bộ các hành trình khách hàng liên thông trên tất cả các kênh và thiết bị. | O16: Doanh nghiệp và hệ sinh thái quản lý được bối cảnh của toàn bộ các hành trình khách hàng liên thông trên tất cả các kênh và thiết bị.
A17: 1. Trụ cột Khách hàng | B17: Quản lý trải nghiệm khách hàng | C17: 1.2.7 | D17: Đo lường trải nghiệm khách hàng | E17: 3 | F17: Khảo sát quy mô lớn trên mọi kênh (chi nhánh, tổng đài, kênh số); điểm chất lượng dịch vụ ~97, NPS 76,7%; phản hồi chưa hài lòng được xử lý ưu tiên và dùng để cải tiến. | G17: BIDV, Báo cáo thường niên 2025 (bidv.com.vn - Quan hệ nhà đầu tư) | H17: 84-85 | I17: 2025 | J17: Độ tin cậy: TB. Chưa nêu quy mô mẫu. | K17: Hiệu suất hành trình khách hàng chưa được đo lường. | L17: Doanh nghiệp đo lường được hiệu quả của ít nhất một hành trình khách hàng và một số giai đoạn riêng lẻ trong hành trình của khách hàng. (Lưu ý: không phải khách hàng nào cũng đi đầy đủ toàn bộ hành trình, có một số khách hàng chỉ tham gia một vài giai đoạn trong hành trình khách hàng rồi kết thúc.) | M17: Doanh nghiệp đo lường được hiệu quả của tất cả hành trình khách hàng và một số giai đoạn riêng lẻ trong hành trình của khách hàng. | N17: Doanh nghiệp đo lường được hiệu quả của tất cả hành trình khách hàng và các giai đoạn riêng lẻ trong hành trình của khách hàng. | O17: Doanh nghiệp và hệ sinh thái đo lường được hiệu quả của tất cả hành trình khách hàng và các giai đoạn riêng lẻ trong hành trình của khách hàng.
A18: 1. Trụ cột Khách hàng | B18: Quản lý trải nghiệm khách hàng | C18: 1.2.8 | D18: Quản lý hành trình khách hàng | E18: 3 | F18: Quản lý trải nghiệm theo vòng lặp lắng nghe - phản hồi - cải tiến; phân tích tương tác bằng AI giúp nhận diện sai lệch trong tư vấn. | G18: BIDV, Báo cáo thường niên 2025 (bidv.com.vn - Quan hệ nhà đầu tư) | H18: 84-85 | I18: 2025 | J18: Độ tin cậy: Thấp. Chưa có bản đồ hành trình khách hàng được công bố. | K18: Hiệu suất của hành trình của khách hàng chưa được quản lý. | L18: Doanh nghiệp quản lý được hiệu quả của ít nhất một hành trình khách hàng và một số giai đoạn riêng lẻ trong hành trình của khách hàng. (Lưu ý: không phải khách hàng nào cũng đi đầy đủ toàn bộ hành trình, có một số khách hàng chỉ tham gia một vài giai đoạn trong hành trình khách hàng rồi kết thúc.) | M18: Doanh nghiệp quản lý được hiệu quả của tất cả hành trình khách hàng và một số giai đoạn riêng lẻ trong hành trình của khách hàng. | N18: Doanh nghiệp quản lý được hiệu quả của tất cả hành trình khách hàng và các giai đoạn riêng lẻ trong hành trình của khách hàng. | O18: Doanh nghiệp và hệ sinh thái quản lý được hiệu quả của tất cả hành trình khách hàng và các giai đoạn riêng lẻ trong hành trình của khách hàng.
A19: 1. Trụ cột Khách hàng | B19: Thấu hiểu khách hàng | C19: 1.3.1 | D19: Góc nhìn 360 độ về khách hàng | E19: 3 | F19: Chuyển đổi bán lẻ: quản lý theo phân khúc, CRM, Daily Dashboard, ứng dụng công nghệ và dữ liệu lớn trong kinh doanh. | G19: BIDV, Báo cáo thường niên 2025 (bidv.com.vn - Quan hệ nhà đầu tư) | H19: 88-89; 98-99 | I19: 2025 | J19: Độ tin cậy: TB. | K19: Doanh nghiệp chưa có góc nhìn 360 độ về khách hàng. | L19: Doanh nghiệp duy trì góc nhìn 360 độ của một số khách hàng. | M19: Doanh nghiệp duy trì góc nhìn 360 độ của hầu hết khách hàng. | N19: Doanh nghiệp luôn duy trì góc nhìn 360 độ về tất cả khách hàng. | O19: Doanh nghiệp và các đối tác trong hệ sinh thái của mình luôn duy trì góc nhìn 360 độ về tất cả khách hàng.
A20: 1. Trụ cột Khách hàng | B20: Thấu hiểu khách hàng | C20: 1.3.2 | D20: Nguồn khai thác dữ liệu tin cậy duy nhất | E20: 2 | F20: Core Banking Profile (go-live 03/09/2023) tích hợp hàng trăm ứng dụng; nghiên cứu học thuật ghi nhận hạn chế về đồng bộ dữ liệu. | G20: BIDV, Báo cáo thường niên 2025 (bidv.com.vn - Quan hệ nhà đầu tư); FIS Global, BIDV Client Story (core banking Profile); The Asian Banker, 'Best Core Banking Technology Implementation in Vietnam 2024' (bidv.com.vn); nghiencuu.tapchikinhtetaichinh.vn, 'Thực trạng chuyển đổi số và ứng dụng AI tại BIDV và một số đề xuất kiến nghị' | H20: 20-21 | I20: 2024 | J20: Độ tin cậy: Thấp. | K20: Doanh nghiệp chưa có một nguồn tin cậy duy nhất cho bất kỳ thông tin nào của khách hàng. | L20: Có một nguồn tin cậy duy nhất cho một số yếu tố của thông tin khách hàng trong toàn doanh nghiệp. | M20: Có một nguồn tin cậy duy nhất cho hầu hết các yếu tố thông tin khách hàng trong toàn doanh nghiệp. | N20: Có một nguồn tin cậy duy nhất cho toàn bộ thông tin khách hàng trong toàn doanh nghiệp. | O20: Có một nguồn tin cậy duy nhất cho toàn bộ thông tin khách hàng trong toàn doanh nghiệp và các đối tác trong hệ sinh thái của doanh nghiệp.
A21: 1. Trụ cột Khách hàng | B21: Thấu hiểu khách hàng | C21: 1.3.3 | D21: Nhu cầu của khách hàng | E21: 3 | F21: Phân tích tương tác khách hàng bằng AI, công cụ hỗ trợ tư vấn; khảo sát quy mô lớn để hiểu kỳ vọng; quản lý theo phân khúc. | G21: BIDV, Báo cáo thường niên 2025 (bidv.com.vn - Quan hệ nhà đầu tư) | H21: 84-85; 98-99 | I21: 2025 | J21: Độ tin cậy: TB. | K21: Kỳ vọng, sở thích và những điều khách hàng chưa hài lòng chưa được tích cực xem xét. | L21: Kỳ vọng, sở thích và những điều khách hàng chưa hài lòng tích cực xem xét ở một số bộ phận, đơn vị chức năng. | M21: Kỳ vọng, sở thích và những điều khách hàng chưa hài lòng được tích cực xem xét trên hầu hết các bộ phận, đơn vị chức năng. | N21: Tất cả các kỳ vọng, sở thích và những điều khách hàng chưa hài lòng đều được tích cực xem xét trong toàn doanh nghiệp. | O21: Tất cả các kỳ vọng, sở thích và những điều khách hàng chưa hài lòng đều được tích cực xem xét trong toàn doanh nghiệp và các đối tác trong hệ sinh thái của doanh nghiệp.
A22: 1. Trụ cột Khách hàng | B22: Niềm tin của khách hàng | C22: 1.4.1 | D22: Cam kết thương hiệu | E22: 2 | F22: Giá trị cốt lõi (Trí tuệ, Niềm tin, Chính trực, Tận tâm, Năng động); sứ mệnh mang lại lợi ích và tiện ích tốt nhất cho KH. | G22: BIDV, Báo cáo thường niên 2025 | H22: 22-23 | I22: 2025 | K22: Cam kết về thương hiệu hiếm khi phù hợp với kỳ vọng của khách hàng. | L22: Một số bộ phận, đơn vị chức năng (có liên quan đến cam kết thương hiệu) trong doanh nghiệp đáp ứng các kỳ vọng của khách hàng phù hợp với cam kết thương hiệu của doanh nghiệp. | M22: Hầu hết bộ phận, đơn vị chức năng (có liên quan đến cam kết thương hiệu) trong doanh nghiệp đáp ứng các kỳ vọng của khách hàng phù hợp với cam kết thương hiệu của doanh nghiệp. | N22: Toàn bộ các bộ phận, đơn vị chức năng (có liên quan đến cam kết thương hiệu) trong doanh nghiệp đáp ứng các kỳ vọng của khách hàng phù hợp với cam kết thương hiệu của doanh nghiệp. | O22: Toàn bộ các bộ phận, đơn vị chức năng (có liên quan đến cam kết thương hiệu) trong doanh nghiệp và hệ sinh thái doanh nghiệp đáp ứng các kỳ vọng của khách hàng phù hợp với cam kết thương hiệu của doanh nghiệp.
A23: 1. Trụ cột Khách hàng | B23: Niềm tin của khách hàng | C23: 1.4.2 | D23: Xử lý phản ánh khách hàng | E23: 4 | F23: Nhiều kênh tiếp nhận phản ánh/khiếu nại (trực tiếp, tổng đài, văn bản, email); 100% phản ánh và khiếu nại năm 2025 được tiếp nhận và phối hợp xử lý, có giám sát của Trụ sở chính. | G23: BIDV, Báo cáo thường niên 2025 (bidv.com.vn - Quan hệ nhà đầu tư) | H23: 84-85 | I23: 2025 | J23: Độ tin cậy: Cao. | K23: Khiếu nại nhận được hiếm khi được trả lời hoặc rút kinh nghiệm một cách thích hợp. | L23: Một số khiếu nại nhận được được phản hồi một cách thích hợp và có những cải tiến liên quan. | M23: Hầu hết các khiếu nại nhận được đều được phản hồi một cách thích hợp và dẫn tới các cải tiến liên quan. | N23: Toàn bộ các khiếu nại nhận được đều được phản hồi một cách thích hợp và có sự cải tiến liên tục trong toàn doanh nghiệp. | O23: Toàn bộ các khiếu nại nhận được đều được phản hồi một cách thích hợp và có sự cải tiến liên tục trong toàn doanh nghiệp và các đối tác trong hệ sinh thái của doanh nghiệp.
A24: 1. Trụ cột Khách hàng | B24: Niềm tin của khách hàng | C24: 1.4.3 | D24: Quyền riêng tư | E24: 3 | F24: Cam kết minh bạch thông tin, thông báo chủ động thay đổi phí/lãi suất; theo dõi Luật Bảo vệ dữ liệu cá nhân 2025 (dữ liệu sinh trắc học). | G24: BIDV, Báo cáo thường niên 2025 (bidv.com.vn - Quan hệ nhà đầu tư) | H24: 56-57; 84-85 | I24: 2025 | J24: Độ tin cậy: TB. Chưa công bố chính sách quyền riêng tư của khách hàng trong BCTN. | K24: Khách hàng chưa tin tưởng doanh nghiệp sẽ đảm bảo quyền riêng tư của họ. | L24: Một số khách hàng tin tưởng doanh nghiệp sẽ thiết kế đảm bảo quyền riêng tư của họ. | M24: Hầu hết khách hàng tin tưởng doanh nghiệp sẽ thiết kế đảm bảo quyền riêng tư của họ. | N24: Toàn bộ khách hàng tin tưởng doanh nghiệp sẽ thiết kế đảm bảo quyền riêng tư của họ. | O24: Toàn bộ khách hàng tin tưởng doanh nghiệp và hệ sinh thái của doanh nghiệp sẽ thiết kế đảm bảo quyền riêng tư của họ.
A25: 1. Trụ cột Khách hàng | B25: Niềm tin của khách hàng | C25: 1.4.4 | D25: Kiểm soát thông tin cá nhân, dữ liệu cá nhân | E25: 2 | F25: Công khai Điều kiện, điều khoản chung về xử lý và bảo vệ dữ liệu cá nhân trên website; mẫu Thỏa thuận bảo vệ dữ liệu cá nhân. Chưa thấy công cụ KH tự kiểm soát dữ liệu. | G25: BIDV, Báo cáo phát triển bền vững 2025 | H25: 79 | I25: 2025 | K25: Người dùng chưa thể kiểm soát cách thông tin cá nhân, dữ liệu cá nhân của họ được sử dụng. | L25: Người dùng có thể kiểm soát cách doanh nghiệp sử dụng một số thông tin cá nhân, dữ liệu cá nhân của họ. | M25: Người dùng có thể kiểm soát cách doanh nghiệp sử dụng hầu hết thông tin cá nhân, dữ liệu cá nhân của họ. | N25: Người dùng nhận thức được và có thể dễ dàng kiểm soát cách doanh nghiệp sử dụng tất cả thông tin cá nhân, dữ liệu cá nhân của họ. | O25: Người dùng biết và có thể dễ dàng kiểm soát cách doanh nghiệp và các đối tác trong hệ sinh thái sử dụng tất cả thông tin cá nhân, dữ liệu cá nhân của họ.
A26: 1. Trụ cột Khách hàng | B26: Niềm tin của khách hàng | C26: 1.4.5 | D26: Thúc đẩy niềm tin khách hàng | E26: 3 | F26: Giải Visa 'Ngân hàng an toàn, bảo mật thẻ'; giải ESG 'Ngân hàng có công nghệ ưu việt hỗ trợ quản trị rủi ro bền vững'; BIDV Direct chặn giao dịch nếu chưa định danh sinh trắc học (07/2025); tăng cường cảnh báo gian lận. | G26: BIDV, Báo cáo thường niên 2025 (bidv.com.vn - Quan hệ nhà đầu tư); sggp.org.vn, 'BIDV nỗ lực làm chủ công nghệ để bứt phá tương lai số' (2025) | H26: 14-15; 84-85 | I26: 2025 | J26: Độ tin cậy: TB. | K26: Niềm tin của khách hàng chưa được đưa vào xem xét trong định hướng kinh doanh của doanh nghiệp. | L26: Một số bộ phận, đơn vị chức năng tiến hành kinh doanh theo cách thúc đẩy tạo niềm tin cho khách hàng. | M26: Hầu hết các bộ phận, đơn vị chức năng tiến hành kinh doanh theo cách thúc đẩy vào sự tin tưởng của khách hàng. | N26: Hoạt động kinh doanh được thực hiện bởi doanh nghiệp theo cách tối đa hóa niềm tin của khách hàng. | O26: Hoạt động kinh doanh được thực hiện bởi doanh nghiệp và các đối tác trong hệ sinh thái của doanh nghiệp theo cách tối đa hóa niềm tin của khách hàng.
A27: 2. Trụ cột Chiến lược | B27: Quản lý marketing và thương hiệu | C27: 2.1.1 | D27: Chiến lược thương hiệu | E27: 3 | F27: Áp dụng nhận diện thương hiệu mới (05/03/2025); Top 5 doanh nghiệp giá trị thương hiệu cao nhất VN; truyền thông thương hiệu triển khai đồng bộ. | G27: BIDV, Báo cáo thường niên 2025 (bidv.com.vn - Quan hệ nhà đầu tư) | H27: 20-21; 90-91; 96-97 | I27: 2025 | J27: Độ tin cậy: TB. | K27: Chiến lược thương hiệu số chưa tồn tại hoặc chỉ tồn tại theo sự vụ. | L27: Chiến lược thương hiệu số với nguyên tắc thương hiệu được áp dụng và hiểu tại một số bộ phận, đơn vị chức năng. | M27: Một chiến lược thương hiệu số với nguyên tắc thương hiệu được hiểu và áp dụng bởi hầu hết các bộ phận, đơn vị chức năng. | N27: Một chiến lược thương hiệu số với nguyên tắc thương hiệu được áp dụng và được hiểu trong toàn bộ doanh nghiệp. | O27: Một chiến lược thương hiệu số thống nhất với các nguyên tắc thương hiệu được áp dụng và được hiểu trong toàn bộ doanh nghiệp và các đối tác trong hệ sinh thái của doanh nghiệp.
A28: 2. Trụ cột Chiến lược | B28: Quản lý marketing và thương hiệu | C28: 2.1.2 | D28: Quản trị thương hiệu | E28: 3 | F28: Truyền thông và phát triển thương hiệu triển khai đồng bộ; chỉ số nhận biết thương hiệu tăng một bậc, đứng thứ hai toàn ngành. | G28: BIDV, Báo cáo thường niên 2025 (bidv.com.vn - Quan hệ nhà đầu tư) | H28: 90-91 | I28: 2025 | J28: Độ tin cậy: TB. | K28: Quản trị thương hiệu kỹ thuật số chưa tồn tại hoặc là tồn tại theo sự vụ. | L28: Một số bộ phận, đơn vị chức năng tuân thủ theo các quy tắc được thiết lập trong cấu trúc quản trị. | M28: Hầu hết các bộ phận, đơn vị chức năng tuân thủ các quy tắc được thiết lập trong cấu trúc quản trị. | N28: Toàn bộ doanh nghiệp tuân thủ các quy tắc được thiết lập trong cơ cấu quản trị. | O28: Toàn bộ doanh nghiệp và các đối tác trong hệ sinh thái của doanh nghiệp tuân thủ các quy tắc được thiết lập trong cơ cấu quản trị.
A29: 2. Trụ cột Chiến lược | B29: Quản lý marketing và thương hiệu | C29: 2.1.3 | D29: Chỉ số đo lường thương hiệu | E29: 3 | F29: Theo dõi các chỉ số thương hiệu (nhận biết thương hiệu xếp thứ hai ngành); hơn 40 giải thưởng về thương hiệu, quản trị, chuyển đổi số, chất lượng dịch vụ. | G29: BIDV, Báo cáo thường niên 2025 (bidv.com.vn - Quan hệ nhà đầu tư) | H29: 90-91 | I29: 2025 | J29: Độ tin cậy: TB. | K29: Chỉ số phản ánh hoạt động của thương hiệu số được đo lường theo sự vụ. | L29: Có một quy trình được thực hiện ở một số bộ phận, đơn vị chức năng để đo lường chỉ số phản ánh hoạt động của thương hiệu số. | M29: Có một quy trình được áp dụng trên hầu hết các bộ phận, đơn vị chức năng để đo lường chỉ số phản ánh hoạt động của thương hiệu số. | N29: Có một quy trình hiệu quả trong toàn bộ doanh nghiệp để đo lường chỉ số phản ánh hoạt động của thương hiệu số. | O29: Có một quy trình hiệu quả được áp dụng trong toàn bộ doanh nghiệp và các đối tác trong hệ sinh thái của doanh nghiệp để đo lường chỉ số phản ánh hoạt động của thương hiệu số.
A30: 2. Trụ cột Chiến lược | B30: Quản lý marketing và thương hiệu | C30: 2.1.4 | D30: Chiến lược tiếp thị | E30: 2 | F30: Chiến lược truyền thông khẳng định hình ảnh ngân hàng xanh và thực hành ESG toàn diện (định hướng 2026). | G30: BIDV, Báo cáo thường niên 2025 (bidv.com.vn - Quan hệ nhà đầu tư) | H30: 102-103 | I30: 2025 | J30: Độ tin cậy: Thấp. Chưa có chiến lược tiếp thị số riêng. | K30: Chiến lược tiếp thị số chưa phù hợp với chiến lược tổng thể. | L30: Một số bộ phận, đơn vị chức năng có chiến lược tiếp thị số phù hợp với chiến lược tổng thể. | M30: Hầu hết các bộ phận, đơn vị chức năng đều có chiến lược tiếp thị số phù hợp với chiến lược tổng thể. | N30: Toàn bộ doanh nghiệp có chiến lược tiếp thị số phù hợp với chiến lược tổng thể. | O30: Toàn bộ doanh nghiệp và các đối tác trong hệ sinh thái của doanh nghiệp thống nhất về chiến lược tiếp thị số phù hợp với chiến lược hệ sinh thái tổng thể.
A31: 2. Trụ cột Chiến lược | B31: Quản lý hệ sinh thái | C31: 2.2.1 | D31: Hệ sinh thái kinh doanh | E31: 3 | F31: Chiến lược 2026-2030: tìm động lực tăng trưởng mới cho toàn Hệ sinh thái Tập đoàn BIDV; công ty con, liên doanh (BSC, BIC...); ngân hàng số BIDV Direct cho doanh nghiệp. | G31: BIDV, Báo cáo thường niên 2025 (bidv.com.vn - Quan hệ nhà đầu tư); vnexpress.net, mục Ebank - BIDV ra mắt hệ sinh thái số cho doanh nghiệp (BIDV Direct) | H31: 10-11; 66-71 | I31: 2025 | J31: Độ tin cậy: TB. | K31: Doanh nghiệp chưa nhận thức được giá trị kinh doanh của việc tham gia hệ sinh thái. | L31: Doanh nghiệp thể hiện sự hiểu biết một phần về giá trị của việc tham gia hệ sinh thái và vai trò của doanh nghiệp trong đó. | M31: Doanh nghiệp thể hiện sự hiểu biết đầy đủ về giá trị của việc tham gia hệ sinh thái và vai trò của doanh nghiệp trong đó. | N31: Doanh nghiệp thể hiện sự hiểu biết đầy đủ về giá trị và đã bắt đầu xác định chiến lược tham gia hệ sinh thái và vai trò của doanh nghiệp trong đó. | O31: Doanh nghiệp thể hiện sự hiểu biết đầy đủ về giá trị của việc tham gia hệ sinh thái và đã xác định chiến lược hệ sinh thái và vai trò của doanh nghiệp trong đó.
A32: 2. Trụ cột Chiến lược | B32: Quản lý hệ sinh thái | C32: 2.2.2 | D32: Thiết kế hệ sinh thái | E32: 3 | F32: BIDV Direct: hệ sinh thái số gồm nhiều nền tảng liên kết (tài chính, thương mại, chuỗi cung ứng) thay cho cách quản lý rời rạc; kết nối API với MISA, Cổng dịch vụ công, VSDC. | G32: vnexpress.net, mục Ebank - BIDV ra mắt hệ sinh thái số cho doanh nghiệp (BIDV Direct); thitruongtaichinhtiente.vn, 'BIDV triển khai nhiệm vụ kinh doanh năm 2026' (Etax Mobile, MyShop Pro); vnexpress.net, 'BIDV đẩy mạnh chuyển đổi số' (chiến dịch BIDV Digi Up, 2020) | H32: web | I32: 2026 | J32: Độ tin cậy: TB. | K32: Doanh nghiệp chưa bắt đầu thiết kế hệ sinh thái. | L32: Doanh nghiệp đã bắt đầu thiết kế các hệ sinh thái để thúc đẩy chiến lược của mình. | M32: Doanh nghiệp đã thiết kế các hệ sinh thái để thúc đẩy chiến lược của mình nhằm gia tăng các dòng giá trị hiện có. | N32: Doanh nghiệp đã thiết kế các hệ sinh thái bền vững và mở rộng chiến lược của mình để tập trung vượt ra ngoài lĩnh vực hoạt động, mở ra các luồng giá trị mới. | O32: Doanh nghiệp đã thiết kế các hệ sinh thái bền vững và mở rộng chiến lược của mình bằng cách triển khai các năng lực liên ngành cho phép tạo ra các luồng giá trị mới.
A33: 2. Trụ cột Chiến lược | B33: Quản lý hệ sinh thái | C33: 2.2.3 | D33: Lựa chọn đối tác | E33: 4 | F33: Quan hệ chiến lược BIDV - Hana Bank: Ủy ban Hợp tác chiến lược, Hợp đồng hỗ trợ kỹ thuật 2025-2028, 30 dự án hợp tác; liên doanh bảo hiểm, chứng khoán, thuê tài chính. | G33: BIDV, Báo cáo thường niên 2025 (bidv.com.vn - Quan hệ nhà đầu tư) | H33: 66-71; 90-91; 112-113 | I33: 2025 | J33: Độ tin cậy: Cao. | K33: Doanh nghiệp chưa chọn đối tác như một phần của hệ sinh thái. | L33: Doanh nghiệp đã chọn các đối tác hệ sinh thái để hỗ trợ chiến lược của mình. | M33: Doanh nghiệp đã thiết lập quan hệ đối tác hệ sinh thái đang hỗ trợ chiến lược của mình. | N33: Doanh nghiệp đã thiết lập quan hệ đối tác hệ sinh thái tối ưu nâng cao chiến lược của mình ngoài ngành truyền thống (ngành lĩnh vực đang hoạt động của doanh nghiệp). | O33: Doanh nghiệp đã thiết lập quan hệ đối tác hệ sinh thái tối ưu và triển khai các năng lực liên ngành, tạo điều kiện cho các luồng giá trị mới.
A34: 2. Trụ cột Chiến lược | B34: Bảo trợ tài chính | C34: 2.3.1 | D34: Ngân sách cho chuyển đổi số | E34: 3 | F34: Hạ tầng và an ninh bảo mật được nâng cấp mạnh; tự triển khai 12/16 dự án CNTT trọng điểm, làm lợi hàng nghìn tỷ đồng; 2026 rà soát đầu tư hạ tầng đáp ứng chuẩn Zero Downtime. | G34: BIDV, Báo cáo thường niên 2025 (bidv.com.vn - Quan hệ nhà đầu tư) | H34: 88-89; 98-99; 112-113 | I34: 2025 | J34: Độ tin cậy: TB. Chưa công bố con số ngân sách đầu tư công nghệ. | K34: Doanh nghiệp chưa có ngân sách cho chuyển đổi số. | L34: Ngân sách sẵn có và linh hoạt để chuyển đổi số ở một số bộ phận, đơn vị chức năng. | M34: Ngân sách sẵn có và linh hoạt để chuyển đổi số trên hầu hết các bộ phận, đơn vị chức năng. | N34: Ngân sách luôn sẵn sàng và linh hoạt để chuyển đổi số trên toàn bộ doanh nghiệp. | O34: Ngân sách luôn sẵn sàng và linh hoạt để chuyển đổi số trên toàn bộ doanh nghiệp và các đối tác trong hệ sinh thái của doanh nghiệp.
A35: 2. Trụ cột Chiến lược | B35: Bảo trợ tài chính | C35: 2.3.2 | D35: Đo lường hiệu quả đầu tư | E35: 2 | F35: Số hóa và tiết kiệm chi phí cải thiện CIR (PTBV nêu tác động tối ưu tài chính); hệ thống CNTT 'mang lại giá trị làm lợi to lớn' (chưa định lượng). | G35: BIDV, Báo cáo phát triển bền vững 2025; Báo cáo HĐQT trình ĐHĐCĐ 2026 (bidv.com.vn) | H35: 38; 4 | I35: 2025 | K35: KPI đánh giá các quyết định đầu tư chỉ được thiết lập theo sự vụ. | L35: Một số bộ phận, đơn vị chức năng có sẵn KPIs để đánh giá các quyết định đầu tư. | M35: Hầu hết bộ phận, đơn vị chức năng sử dụng KPIs để đánh giá các quyết định đầu tư. | N35: KPI để đánh giá các quyết định đầu tư được sử dụng trên toàn bộ doanh nghiệp. | O35: KPI để đánh giá các quyết định đầu tư được sử dụng trên toàn bộ doanh nghiệp và các đối tác trong hệ sinh thái của doanh nghiệp.
A36: 2. Trụ cột Chiến lược | B36: Bảo trợ tài chính | C36: 2.3.3 | D36: Đầu tư cải tiến liên tục | E36: 3 | F36: Kế hoạch ứng dụng AI tổng thể 2025-2031 theo danh mục sáng kiến từng Khối/Ban; nâng cấp liên tục Core Banking Profile, Kondor, ALM. | G36: BIDV, Báo cáo thường niên 2025; Báo cáo HĐQT trình ĐHĐCĐ 2026 (bidv.com.vn) | H36: 48-51; 15-16 | I36: 2025 | K36: Quyết định đầu tư chưa được cải thiện dựa trên kết quả trong quá khứ. | L36: Quyết định đầu tư được cải thiện tại một số bộ phận, đơn vị chức năng. | M36: Các quyết định đầu tư liên tục được cải thiện trên hầu hết các bộ phận, đơn vị chức năng. | N36: Các quyết định đầu tư liên tục được cải thiện trong toàn doanh nghiệp. | O36: Các quyết định đầu tư liên tục được cải thiện trong toàn doanh nghiệp và các đối tác trong hệ sinh thái của nó.
A37: 2. Trụ cột Chiến lược | B37: Hiểu biết về thị trường | C37: 2.4.1 | D37: Đánh giá xu hướng ngành | E37: 3 | F37: Định kỳ phân tích môi trường kinh doanh, kinh tế vĩ mô, pháp lý và mức độ cạnh tranh khi nhận diện rủi ro chiến lược. | G37: BIDV, Báo cáo thường niên 2025 (bidv.com.vn - Quan hệ nhà đầu tư) | H37: 52-53 | I37: 2025 | J37: Độ tin cậy: TB. | K37: Đánh giá xu hướng ngành chỉ được thực hiện theo sự vụ. | L37: Một số bộ phận, đơn vị chức năng đánh giá xu hướng ngành để thúc đẩy chiến lược số của họ. | M37: Hầu hết các bộ phận, đơn vị chức năng đánh giá xu hướng ngành để thúc đẩy chiến lược số của họ. | N37: Toàn bộ doanh nghiệp đánh giá xu hướng ngành để thúc đẩy chiến lược số của mình. | O37: Toàn bộ doanh nghiệp và các đối tác trong hệ sinh thái của doanh nghiệp đánh giá xu hướng ngành để thúc đẩy chiến lược số của họ.
A38: 2. Trụ cột Chiến lược | B38: Hiểu biết về thị trường | C38: 2.4.2 | D38: Đánh giá nhu cầu của khách hàng | E38: 3 | F38: Định kỳ phân tích thị trường và nhu cầu khách hàng; nhận diện thách thức cạnh tranh và thay đổi nhu cầu khách hàng, đề xuất điều chỉnh kịp thời. | G38: BIDV, Báo cáo thường niên 2025 (bidv.com.vn - Quan hệ nhà đầu tư) | H38: 52-53 | I38: 2025 | J38: Độ tin cậy: TB. | K38: Phân tích nhu cầu của khách hàng chỉ được thực hiện theo sự vụ. | L38: Một số bộ phận, đơn vị chức năng phân tích nhu cầu của khách hàng để thúc đẩy chiến lược số của họ. | M38: Hầu hết các bộ phận, đơn vị chức năng phân tích nhu cầu của khách hàng để thúc đẩy chiến lược số của họ. | N38: Toàn bộ doanh nghiệp phân tích và dự đoán nhu cầu của khách hàng để thúc đẩy chiến lược số của mình. | O38: Toàn bộ doanh nghiệp và các đối tác trong hệ sinh thái của mình phân tích và dự đoán nhu cầu của khách hàng để thúc đẩy chiến lược số của họ.
A39: 2. Trụ cột Chiến lược | B39: Hiểu biết về thị trường | C39: 2.4.3 | D39: Đánh giá mạng lưới giá trị | E39: N/A | F39: Không tìm thấy thông tin công khai. | K39: Đánh giá kết cấu giá trị chỉ được thực hiện theo sự vụ. | L39: Một số bộ phận, đơn vị chức năng phân tích mạng lưới giá trị để thúc đẩy chiến lược số của họ. | M39: Hầu hết các bộ phận, đơn vị chức năng phân tích mạng lưới giá trị để thúc đẩy chiến lược số của họ. | N39: Toàn bộ doanh nghiệp phân tích và dự đoán mạng lưới giá trị để thúc đẩy chiến lược số của mình. | O39: Toàn bộ doanh nghiệp và các đối tác trong hệ sinh thái của doanh nghiệp phân tích và dự đoán mạng lưới giá trị để thúc đẩy chiến lược số của họ.
A40: 2. Trụ cột Chiến lược | B40: Quản lý danh mục sản phẩm, dịch vụ số | C40: 2.5.1 | D40: Cân đối danh mục sản phẩm và dịch vụ | E40: 3 | F40: Chuyển dịch cơ cấu tín dụng; dư nợ bán lẻ, FDI, xanh (82.300 tỷ đồng dư nợ xanh); tái cơ cấu danh mục tài sản nợ năm 2026. | G40: BIDV, Báo cáo thường niên 2025 (bidv.com.vn - Quan hệ nhà đầu tư) | H40: 88-91; 100-101 | I40: 2025 | J40: Độ tin cậy: TB. | K40: Cân bằng danh mục đầu tư chỉ được thực hiện theo sự vụ. | L40: Một số bộ phận, đơn vị chức năng có danh mục sản phẩm và dịch vụ số phù hợp một phần với chiến lược của doanh nghiệp. | M40: Hầu hết các bộ phận, đơn vị chức năng đều có danh mục sản phẩm và dịch vụ số cân bằng, phù hợp nhất với chiến lược của doanh nghiệp. | N40: Toàn bộ doanh nghiệp có một danh mục sản phẩm và dịch vụ số cân bằng phù hợp nhất với chiến lược của mình. | O40: Toàn bộ doanh nghiệp và các đối tác trong hệ sinh thái của doanh nghiệp có một danh mục sản phẩm và dịch vụ số cân bằng, phù hợp nhất với chiến lược chung của mình.
A41: 2. Trụ cột Chiến lược | B41: Quản lý danh mục sản phẩm, dịch vụ số | C41: 2.5.2 | D41: Lộ trình danh mục sản phẩm và dịch vụ | E41: 4 | F41: Hoàn thành chiến lược 2021-2025; trình NHNN Chiến lược đến 2030, tầm nhìn 2045 và các chiến lược hợp phần; chỉ tiêu 2026 cụ thể. | G41: BIDV, Báo cáo thường niên 2025 (bidv.com.vn - Quan hệ nhà đầu tư) | H41: 44-47; 90-91; 100-101 | I41: 2025 | J41: Độ tin cậy: Cao. | K41: Lộ trình danh mục đầu tư chỉ được thực hiện theo sự vụ. | L41: Một số bộ phận, đơn vị chức năng có lộ trình danh mục sản phẩm và dịch vụ số phù hợp một phần với chiến lược của doanh nghiệp. | M41: Hầu hết các bộ phận, đơn vị chức năng đều có lộ trình danh mục sản phẩm và dịch vụ số phù hợp nhất với chiến lược của doanh nghiệp. | N41: Toàn bộ doanh nghiệp có lộ trình danh mục sản phẩm và dịch vụ số phù hợp nhất với chiến lược của mình. | O41: Doanh nghiệp và các đối tác trong hệ sinh thái của doanh nghiệp có một lộ trình danh mục các sản phẩm và dịch vụ số phù hợp nhất với chiến lược chung của mình.
A42: 2. Trụ cột Chiến lược | B42: Quản lý danh mục sản phẩm, dịch vụ số | C42: 2.5.3 | D42: Đổi mới danh mục sản phẩm và dịch vụ | E42: 4 | F42: Sao Khuê 2025: 7 giải pháp (ứng lương tự động, định danh điện tử, bảo lãnh điện tử, ký số tập trung, i-Translation ISO 20022, B.One, Gen AI); SmartBanking X; BIDV Direct; AskBee. | G42: BIDV, Báo cáo thường niên 2025 (bidv.com.vn - Quan hệ nhà đầu tư); thitruongtaichinhtiente.vn, 'BIDV SmartBanking phiên bản X - dấu ấn tiên phong cùng loạt tính năng mới' (07/2025) | H42: 12-13; 88-89 | I42: 2025 | J42: Độ tin cậy: Cao. | K42: Đổi mới danh mục đầu tư chỉ được thực hiện theo sự vụ. | L42: Một số bộ phận, đơn vị chức năng có quy trình đổi mới danh mục sản phẩm và dịch vụ phù hợp một phần với chiến lược của doanh nghiệp. | M42: Hầu hết các bộ phận, đơn vị chức năng đều có quy trình đổi mới danh mục sản phẩm và dịch vụ phù hợp với chiến lược của doanh nghiệp. | N42: Toàn bộ doanh nghiệp có một quy trình đổi mới danh mục sản phẩm và dịch vụ phù hợp nhất với chiến lược của mình. | O42: Toàn bộ doanh nghiệp và các đối tác trong hệ sinh thái của doanh nghiệp có một quy trình đổi mới danh mục sản phẩm và dịch vụ phù hợp nhất với chiến lược chung của mình.
A43: 2. Trụ cột Chiến lược | B43: Quản lý chiến lược | C43: 2.6.1 | D43: Chiến lược phù hợp với tầm nhìn | E43: 4 | F43: Chiến lược đến 2030, tầm nhìn 2045: Tập đoàn tài chính - ngân hàng LỚN - MẠNH - XANH, Top 100 ngân hàng mạnh nhất châu Á (2030); mục tiêu gắn đổi mới sáng tạo và chuyển đổi số. | G43: BIDV, Báo cáo thường niên 2025 (bidv.com.vn - Quan hệ nhà đầu tư) | H43: 22-23; 44-47; 90-91 | I43: 2025 | J43: Độ tin cậy: Cao. | K43: Doanh nghiệp chưa có tầm nhìn rõ ràng. | L43: Doanh nghiệp có một tầm nhìn và đang bắt đầu phát triển một chiến lược phù hợp. | M43: Doanh nghiệp có một chiến lược rõ ràng hầu hết phù hợp với tầm nhìn. | N43: Doanh nghiệp có một chiến lược rõ ràng hoàn toàn phù hợp với tầm nhìn. | O43: Doanh nghiệp và các đối tác trong hệ sinh thái của doanh nghiệp có một chiến lược rõ ràng hoàn toàn phù hợp với tầm nhìn.
A44: 2. Trụ cột Chiến lược | B44: Quản lý chiến lược | C44: 2.6.2 | D44: Đồng bộ giữa các nhóm kinh doanh/nghiệp vụ và kỹ thuật | E44: 4 | F44: Chuyển đổi bán lẻ toàn diện theo tư vấn quốc tế; xây dựng mô hình tập trung hóa chức năng quản lý rủi ro; HĐQT - Ban Điều hành - UBCNTT - Trung tâm Quản trị dữ liệu phối hợp. | G44: BIDV, Báo cáo thường niên 2025 (bidv.com.vn - Quan hệ nhà đầu tư) | H44: 98-99; 112-113 | I44: 2025 | J44: Độ tin cậy: TB. | K44: Hoạt động phối hợp xây dựng chiến lược doanh nghiệp giữa bộ phận (kinh doanh, kỹ thuật, khách hàng...) thuật chỉ được thực hiện theo sự vụ. | L44: Chiến lược doanh nghiệp đang bắt đầu được đồng phát triển giữa các nhóm kinh doanh/ nghiệp vụ và công nghệ. | M44: Chiến lược doanh nghiệp được đồng phát triển giữa các nhóm kinh doanh/nghiệp vụ và công nghệ trên các bộ phận, đơn vị chức năng cốt lõi. | N44: Chiến lược doanh nghiệp liên tục được tối ưu hóa giữa các nhóm nhóm kinh doanh/ nghiệp vụ và công nghệ trong toàn doanh nghiệp. | O44: Chiến lược doanh nghiệp liên tục được tối ưu hóa giữa các nhóm kinh doanh/ nghiệp vụ và công nghệ trong toàn doanh nghiệp và các đối tác trong hệ sinh thái của doanh nghiệp.
A45: 2. Trụ cột Chiến lược | B45: Quản lý chiến lược | C45: 2.6.3 | D45: Đo lường các chỉ số | E45: 4 | F45: Kết quả kinh doanh đối chiếu kế hoạch ĐHĐCĐ (doanh thu 110%, LNTT 111%, CIR 32,7%, nợ xấu 1,26%); chỉ số chuyển đổi số: 12/16 dự án CNTT tự làm, hiệu năng core tăng hơn 5 lần. | G45: BIDV, Báo cáo thường niên 2025 (bidv.com.vn - Quan hệ nhà đầu tư) | H45: 88-89; 96-99 | I45: 2025 | J45: Độ tin cậy: Cao. | K45: Đo lường hiệu quả cho các mục tiêu chiến lược chỉ được thực hiện theo sự vụ. | L45: Một số bộ phận, đơn vị chức năng thực hiện các biện pháp đo lường kết quả các mục tiêu chiến lược. | M45: Hầu hết các bộ phận, đơn vị chức năng thực hiện toàn diện các biện pháp để đo lường kết quả các mục tiêu chiến lược. | N45: Toàn bộ các bộ phận, đơn vị chức năng thực hiện toàn diện các biện pháp phù hợp để đo lường kết quả các mục tiêu chiến lược. | O45: Toàn bộ các bộ phận, đơn vị chức năng và đối tác trong hệ sinh thái thực hiện toàn diện các biện pháp phù hợp để đo lường kết quả các mục tiêu chiến lược.
A46: 2. Trụ cột Chiến lược | B46: Quản lý chiến lược | C46: 2.6.4 | D46: Quản lý rủi ro | E46: 4 | F46: Quản trị rủi ro 3 tuyến bảo vệ cho các rủi ro trọng yếu (tín dụng, thị trường, thanh khoản, hoạt động, CNTT, chiến lược, danh tiếng, AML); Basel II sớm, lộ trình Basel III; chương trình nhận diện rủi ro toàn hàng 2025-2028. | G46: BIDV, Báo cáo thường niên 2025 (bidv.com.vn - Quan hệ nhà đầu tư) | H46: 46-57; 98-99 | I46: 2025 | J46: Độ tin cậy: Cao. | K46: Doanh nghiệp chưa có chiến lược quản lý rủi ro rõ ràng. | L46: Một chiến lược quản lý rủi ro đang bắt đầu được phát triển ở một số bộ phận, đơn vị chức năng. | M46: Một chiến lược quản lý rủi ro được áp dụng trên hầu hết các bộ phận, đơn vị chức năng. | N46: Một chiến lược quản lý rủi ro được thông qua bởi doanh nghiệp. | O46: Một chiến lược quản lý rủi ro chung được thông qua bởi doanh nghiệp và các đối tác hệ sinh thái của doanh nghiệp.
A47: 2. Trụ cột Chiến lược | B47: Quản lý chiến lược | C47: 2.6.5 | D47: Lộ trình chuyển đổi | E47: 4 | F47: Lộ trình 2026-2030 'Lớn - Mạnh - Xanh'; phương châm 2026 'Kỷ cương - Chất lượng - Hiệu quả - Chuyển đổi toàn diện'; Quy chế quản trị chiến lược số 1334/QĐ-BIDV. | G47: BIDV, Báo cáo thường niên 2025 (bidv.com.vn - Quan hệ nhà đầu tư) | H47: 44-47; 100-103; 112-113 | I47: 2025 | J47: Độ tin cậy: Cao. | K47: Doanh nghiệp chưa có lộ trình chuyển đổi rõ ràng. | L47: Một số bộ phận, đơn vị chức năng đang thực hiện lộ trình chuyển đổi | M47: Hầu hết các bộ phận, đơn vị chức năng đang thực hiện một lộ trình chuyển đổi nhất quán. | N47: Toàn bộ doanh nghiệp đang thực hiện một lộ trình chuyển đổi nhất quán. | O47: Toàn bộ doanh nghiệp và các đối tác trong hệ sinh thái của doanh nghiệp đang thực hiện một lộ trình chuyển đổi nhất quán.
A48: 2. Trụ cột Chiến lược | B48: Quản lý chiến lược | C48: 2.6.6 | D48: Áp dụng chiến lược chuyển đổi số | E48: 4 | F48: Phong trào học tập 'kiến thức số', 'văn hóa số' toàn hệ thống (2026); đào tạo ứng dụng AI cho cán bộ (KH 5387/KH-BIDV, 17/07/2025); chiến dịch BIDV Digi Up 189 chi nhánh (2020). | G48: BIDV, Báo cáo thường niên 2025 (bidv.com.vn - Quan hệ nhà đầu tư); vnexpress.net, 'BIDV đẩy mạnh chuyển đổi số' (chiến dịch BIDV Digi Up, 2020) | H48: 76-77; 102-103 | I48: 2025 | J48: Độ tin cậy: TB. | K48: Truyền thông về chiến lược chuyển đổi số chưa được hiểu rõ. | L48: Chiến lược số được áp dụng ở một số bộ phận, đơn vị chức năng. | M48: Chiến lược số được áp dụng đầy đủ trên hầu hết các bộ phận, đơn vị chức năng. | N48: Chiến lược số được áp dụng đầy đủ trong toàn doanh nghiệp. | O48: Chiến lược số được chấp nhận hoàn toàn trong toàn doanh nghiệp và các đối tác trong hệ sinh thái của doanh nghiệp.
A49: 2. Trụ cột Chiến lược | B49: Quản lý chiến lược | C49: 2.6.7 | D49: Quản trị chuyển đổi | E49: 4 | F49: UBCNTT trực thuộc HĐQT (họp theo quý) chỉ đạo chiến lược/kế hoạch CNTT và chuyển đổi số; Quy chế quản trị chiến lược số; Trung tâm Quản trị dữ liệu với COE AI; Ban Quản lý & Phát triển Core Banking. | G49: BIDV, Báo cáo thường niên 2025 (bidv.com.vn - Quan hệ nhà đầu tư); FIS Global, BIDV Client Story (core banking Profile); The Asian Banker, 'Best Core Banking Technology Implementation in Vietnam 2024' (bidv.com.vn) | H49: 112-113 | I49: 2025 | J49: Độ tin cậy: Cao. | K49: Quản trị chuyển đổi chỉ được thực hiện theo sự vụ. | L49: Một số bộ phận, đơn vị chức năng đã áp dụng mô hình quản trị chuyển đổi số chung. | M49: Hầu hết các bộ phận, đơn vị chức năng đã áp dụng một mô hình quản trị chuyển đổi số chung. | N49: Toàn bộ doanh nghiệp đã áp dụng một mô hình quản trị chuyển đổi số phổ biến và mạnh mẽ. | O49: Toàn bộ doanh nghiệp và các đối tác trong hệ sinh thái của doanh nghiệp đã áp dụng mô hình quản trị chuyển đổi số nhất quán và mạnh mẽ.
A50: 2. Trụ cột Chiến lược | B50: Quản lý chiến lược | C50: 2.6.8 | D50: Nhận diện và áp dụng các bài học thành công | E50: 4 | F50: Ngân hàng đầu tiên áp dụng Delta migration cho core banking; đầu tiên triển khai SWIFT theo ISO 20022; chuyển đổi bán lẻ theo chuẩn tư vấn quốc tế; hợp tác Hana Bank 30 dự án. | G50: BIDV, Báo cáo thường niên 2025 (bidv.com.vn - Quan hệ nhà đầu tư); FIS Global, BIDV Client Story (core banking Profile); The Asian Banker, 'Best Core Banking Technology Implementation in Vietnam 2024' (bidv.com.vn) | H50: 90-91; 98-99 | I50: 2025 | J50: Độ tin cậy: Cao. | K50: Việc áp dụng thông lệ tốt nhất chỉ được thực hiện theo sự vụ. | L50: Một số bộ phận, đơn vị chức năng xác định và khuyến khích áp dụng các thông lệ tốt nhất (best practices). | M50: Hầu hết các bộ phận, đơn vị chức năng tích cực xác định và khuyến khích áp dụng các thông lệ tốt nhất. | N50: Toàn bộ doanh nghiệp tích cực xác định và khuyến khích áp dụng các thông lệ tốt nhất. | O50: Toàn bộ doanh nghiệp và các đối tác trong hệ sinh thái của doanh nghiệp tích cực xác định và khuyến khích áp dụng các thông lệ tốt nhất.
A51: 3. Trụ cột Công nghệ | B51: Quản trị công nghệ | C51: 3.1.1 | D51: Khung quản trị công nghệ | E51: 4 | F51: UBCNTT; kế hoạch quản lý CNTT tập trung; rà soát đầu tư hạ tầng đạt chuẩn Zero Downtime; Kiến trúc CNTT toàn hàng; quản lý rủi ro CNTT theo 3 tuyến. | G51: BIDV, Báo cáo thường niên 2025 (bidv.com.vn - Quan hệ nhà đầu tư); sggp.org.vn, 'BIDV nỗ lực làm chủ công nghệ để bứt phá tương lai số' (2025) | H51: 50-51; 112-113 | I51: 2025 | J51: Độ tin cậy: Cao. | K51: Một khung quản trị công nghệ chưa được áp dụng chính thức. | L51: Một khung quản trị công nghệ đang được áp dụng ở một số bộ phận, đơn vị chức năng. | M51: Một khung quản trị công nghệ đang được áp dụng trên hầu hết các bộ phận, đơn vị chức năng. | N51: Một khung quản trị công nghệ đang được áp dụng trong toàn doanh nghiệp. | O51: Một khung quản trị công nghệ đang được áp dụng trên toàn doanh nghiệp và các đối tác trong hệ sinh thái của doanh nghiệp.
... A57: 3. Trụ cột Công nghệ | B57: Kiến trúc công nghệ và ứng dụng | C57: 3.2.2 | D57: Kiến trúc Microservices & kiến trúc theo hướng dịch vụ (SOA - Service-Oriented Architecture) | E57: 3 | F57: SmartBanking X kiến trúc Plug & Play; Core Profile kiến trúc composable hướng API. | G57: thitruongtaichinhtiente.vn, 'BIDV SmartBanking phiên bản X - dấu ấn tiên phong cùng loạt tính năng mới' (07/2025); FIS Global, BIDV Client Story (core banking Profile); The Asian Banker, 'Best Core Banking Technology Implementation in Vietnam 2024' (bidv.com.vn) | H57: web | I57: 2025 | J57: Độ tin cậy: Thấp. | K57: Kiến trúc hướng dịch vụ được thực hiện theo sự vụ. | L57: Microservices đã được triển khai trong một số ứng dụng. | M57: Microservices được sử dụng trong hầu hết các ứng dụng và lập trình hướng sự kiện đang được triển khai. | N57: Microservices và lập trình hướng sự kiện được áp dụng đầy đủ trong bối cảnh ứng dụng của doanh nghiệp. | O57: Microservices và lập trình hướng sự kiện được áp dụng đầy đủ trong bối cảnh ứng dụng của doanh nghiệp và các đối tác trong hệ sinh thái của doanh nghiệp.
A58: 3. Trụ cột Công nghệ | B58: Kiến trúc công nghệ và ứng dụng | C58: 3.2.3 | D58: Mã nguồn mở | E58: N/A | F58: Không tìm thấy thông tin công khai. | K58: Việc sử dụng nguồn mở chỉ được thực hiện theo sự vụ. | L58: Các giải pháp mã nguồn mở có liên quan được sử dụng một phần để tối đa hóa lợi ích kinh doanh. | M58: Các giải pháp mã nguồn mở có liên quan được sử dụng đầy đủ để tối đa hóa lợi ích kinh doanh. | N58: Doanh nghiệp sử dụng đầy đủ và đóng góp cho các giải pháp mã nguồn mở có liên quan. | O58: Doanh nghiệp và các đối tác hệ sinh thái của doanh nghiệp sử dụng đầy đủ và đóng góp cho các giải pháp mã nguồn mở có liên quan.
A59: 3. Trụ cột Công nghệ | B59: Kiến trúc công nghệ và ứng dụng | C59: 3.2.4 | D59: Khả năng cấu hình ứng dụng | E59: N/A | F59: Không tìm thấy thông tin công khai. | K59: Các ứng dụng chủ yếu được tùy chỉnh. | L59: Một số ứng dụng được cấu hình linh hoạt, đáng tin cậy và nhanh chóng bởi doanh nghiệp. | M59: Hầu hết các ứng dụng được cấu hình linh hoạt, đáng tin cậy và nhanh chóng bởi doanh nghiệp. | N59: Tất cả các ứng dụng được cấu hình linh hoạt, đáng tin cậy và nhanh chóng bởi doanh nghiệp. | O59: Tất cả các ứng dụng đều được cấu hình linh hoạt, đáng tin cậy và nhanh chóng bởi doanh nghiệp và các đối tác trong hệ sinh thái của doanh nghiệp.
A60: 3. Trụ cột Công nghệ | B60: Kiến trúc công nghệ và ứng dụng | C60: 3.2.5 | D60: Nâng cao năng lực sử dụng điện toán đám mây (Cloud) | E60: 3 | F60: Kiến trúc CNTT toàn hàng theo mô hình Cloud First - Multi Hybrid Cloud (2023). | G60: sggp.org.vn, 'BIDV nỗ lực làm chủ công nghệ để bứt phá tương lai số' (2025) | H60: web | I60: 2025 | J60: Độ tin cậy: TB. Chưa có số liệu mức độ chuyển lên cloud. | K60: Việc áp dụng các năng lực sử dụng điện toán đám mây chỉ được thực hiện theo sự vụ. | L60: Một số bộ phận, đơn vị chức năng đã bắt đầu xác định một cách tiếp cận chung để phát triển năng lực sử dụng điện toán đám mây của họ. | M60: Hầu hết các bộ phận, đơn vị chức năng đã bắt đầu xác định một cách tiếp cận chung để phát triển năng lực sử dụng điện toán đám mây của họ. | N60: Doanh nghiệp có một cách tiếp cận chung được cân nhắc kỹ lưỡng để phát triển năng lực sử dụng điện toán đám mây của mình nhằm tối đa hóa giá trị kinh doanh. | O60: Doanh nghiệp và các đối tác trong hệ sinh thái của doanh nghiệp có một cách tiếp cận chung được cân nhắc kỹ lưỡng để phát triển năng lực sử dụng điện toán đám mây của họ nhằm tối đa hóa giá trị kinh doanh.
A61: 3. Trụ cột Công nghệ | B61: Kiến trúc công nghệ và ứng dụng | C61: 3.2.6 | D61: Áp dụng API | E61: 4 | F61: Core banking hướng API; kết nối Cổng dịch vụ công quốc gia, Etax Mobile, VSDC; MyShop Pro; giải thưởng ngân hàng mở/API. | G61: FIS Global, BIDV Client Story (core banking Profile); The Asian Banker, 'Best Core Banking Technology Implementation in Vietnam 2024' (bidv.com.vn); thitruongtaichinhtiente.vn, 'BIDV triển khai nhiệm vụ kinh doanh năm 2026' (Etax Mobile, MyShop Pro); thitruongtaichinhtiente.vn, 'BIDV tiên phong với chiến lược kép: số hóa - xanh hóa' (10/2025) | H61: web | I61: 2025 | J61: Độ tin cậy: TB. Chưa có số API công bố nên không chấm 5. | K61: Việc sử dụng API chỉ được thực hiện theo sự vụ. | L61: Một số bộ phận, đơn vị chức năng đã bắt đầu hỗ trợ API. | M61: Doanh nghiệp bắt buộc sử dụng API cho tất cả các ứng dụng mới và đang bắt đầu áp dụng các thông số kỹ thuật mở. | N61: Doanh nghiệp bắt buộc sử dụng API dựa trên thông số kỹ thuật mở cho tất cả các ứng dụng và đã đạt được sự áp dụng rộng rãi. | O61: Doanh nghiệp và các đối tác trong hệ sinh thái của doanh nghiệp bắt buộc sử dụng API dựa trên các thông số kỹ thuật mở cho tất cả các ứng dụng và đã đạt được sự áp dụng rộng rãi.
A62: 3. Trụ cột Công nghệ | B62: Kiến trúc công nghệ và ứng dụng | C62: 3.2.7 | D62: Kiến trúc công nghệ | E62: 4 | F62: Tự làm chủ và go-live Core Banking Profile cho Chi nhánh Yangon trong 6 tháng (nhanh hơn 7,5 lần, tiết kiệm 63% chi phí); hệ thống vận hành thông suốt khi giao dịch tăng 1,5 lần, hiệu năng tối đa tăng hơn 5 lần. | G62: BIDV, Báo cáo thường niên 2025 (bidv.com.vn - Quan hệ nhà đầu tư); FIS Global, BIDV Client Story (core banking Profile); The Asian Banker, 'Best Core Banking Technology Implementation in Vietnam 2024' (bidv.com.vn) | H62: 98-99 | I62: 2025 | J62: Độ tin cậy: Cao. | K62: Kiến trúc công nghệ hỗ trợ các ứng dụng được thực hiện theo sự vụ. | L62: Kiến trúc công nghệ hỗ trợ triển khai kịp thời một số ứng dụng. | M62: Kiến trúc công nghệ hỗ trợ triển khai kịp thời hầu hết các ứng dụng. | N62: Kiến trúc công nghệ hỗ trợ liền mạch việc triển khai kịp thời các ứng dụng trong toàn doanh nghiệp. | O62: Kiến trúc công nghệ hỗ trợ liền mạch việc triển khai kịp thời các ứng dụng trong toàn doanh nghiệp và các đối tác trong hệ sinh thái của doanh nghiệp.
A63: 3. Trụ cột Công nghệ | B63: An toàn thông tin mạng | C63: 3.3.1 | D63: Bảo đảm an toàn hệ thống thông tin theo cấp độ | E63: 3 | F63: Đảm bảo 100% hệ thống ngân hàng điện tử đáp ứng yêu cầu Thông tư 09 và 50 về an toàn hệ thống thông tin và bảo mật dịch vụ trực tuyến. | G63: BIDV, Báo cáo phát triển bền vững 2025 | H63: 80 | I63: 2025 | J63: Chưa thấy nêu 'cấp độ' theo Luật An toàn thông tin | K63: Phê duyệt 80% Hồ sơ đề xuất cấp độ cho các hệ thống thông tin. | L63: Phê duyệt 100% Hồ sơ đề xuất cấp độ cho các hệ thống thông tin và triển khai đầy đủ phương án bảo đảm an toàn hệ thống thông tin cho 50% các HTTT. | M63: 100% hệ thống thông tin được phê duyệt và triển khai đầy đủ phương án bảo đảm an toàn hệ thống thông tin theo cấp độ . | N63: - Mức độ 3 và định kỳ 100% các HTTT được kiểm tra, đánh giá định kỳ theo quy định của pháp luật. | O63: - Mức độ 4 và triển khai giám sát cho 100% các HTTT được giám sát, bảo vệ chuyên nghiệp.
A64: 3. Trụ cột Công nghệ | B64: An toàn thông tin mạng | C64: 3.3.2 | D64: Phát hiện và giảm thiểu xâm nhập | E64: 4 | F64: SOC 24/7, SIEM và SOAR tự động hóa phân tích sự kiện; Threat Intelligence và quản lý bề mặt tấn công; NGFW + WAF; rà quét lỗ hổng hằng quý. | G64: BIDV, Báo cáo phát triển bền vững 2025 | H64: 80 | I64: 2025 | K64: Việc phát hiện xâm nhập chỉ được thực hiện theo sự vụ. | L64: Doanh nghiệp phát hiện và giảm thiểu xâm nhập trong một số thành phần của các hệ thống. | M64: Doanh nghiệp phát hiện và giảm thiểu xâm nhập trong hầu hết các thành phần của các hệ thống. | N64: Doanh nghiệp phát hiện và giảm thiểu xâm nhập trong thời gian gần thực. | O64: Doanh nghiệp và các đối tác trong hệ sinh thái của doanh nghiệp phát hiện và giảm thiểu xâm nhập trong thời gian gần thực.
A65: 3. Trụ cột Công nghệ | B65: An toàn thông tin mạng | C65: 3.3.3 | D65: Bảo đảm an toàn, an ninh mạng | E65: 3 | F65: Rủi ro CNTT là rủi ro trọng yếu, quản lý theo 3 tuyến; thường xuyên cập nhật phần mềm, thiết bị, bảo mật kỹ thuật, khắc phục nhanh sự cố; BIDV Direct yêu cầu sinh trắc học. | G65: BIDV, Báo cáo thường niên 2025 (bidv.com.vn - Quan hệ nhà đầu tư) | H65: 50-51; 88-89 | I65: 2025 | J65: Độ tin cậy: TB. Chưa có số liệu cảnh báo/kiểm thử an ninh như MB. | K65: Bảo vệ hệ thống thông tin được thực hiện theo sự vụ. | L65: Một số bộ phận, đơn vị chức năng có năng lực bảo đảm an toàn, an ninh mạng hiệu quả. | M65: Doanh nghiệp có năng lực bảo đảm an toàn, an ninh mạng hiệu quả. | N65: Doanh nghiệp có năng lực bảo đảm an toàn, an ninh mạng hiệu quả và liên tục được cải thiện. | O65: Doanh nghiệp và các đối tác trong hệ sinh thái của doanh nghiệp có năng lực bảo đảm an toàn, an ninh mạng hiệu quả và liên tục được cải thiện.
A66: 3. Trụ cột Công nghệ | B66: An toàn thông tin mạng | C66: 3.3.4 | D66: Bảo mật vật lý | E66: 3 | F66: Hoàn thiện BCP và hệ thống cảnh báo, ứng phó cướp ngân hàng, thiên tai; vận hành an toàn thông suốt toàn đơn vị. | G66: BIDV, Báo cáo thường niên 2025 | H66: 48-49 | I66: 2025 | K66: Việc sử dụng các thành phần công nghệ để bảo mật vật lý được thực hiện theo sự vụ. | L66: Một số yếu tố công nghệ được sử dụng để đáp ứng nhu cầu bảo mật vật lý của doanh nghiệp. | M66: Các yếu tố công nghệ được sử dụng để đáp ứng nhu cầu bảo mật vật lý của doanh nghiệp. | N66: Các yếu tố công nghệ được sử dụng hiệu quả để đáp ứng nhu cầu bảo mật vật lý của doanh nghiệp. | O66: Các yếu tố công nghệ được sử dụng hiệu quả để đáp ứng nhu cầu bảo mật vật lý của doanh nghiệp và các đối tác trong hệ sinh thái của doanh nghiệp.
A67: 3. Trụ cột Công nghệ | B67: Ứng dụng và nền tảng | C67: 3.4.1 | D67: Trí tuệ nhân tạo | E67: 3 | F67: AskBee, Chatbot AI mở rộng trên nền tảng số, công cụ AI hỗ trợ tư vấn viên, phân tích tương tác bằng AI; SmartBanking X dùng AI/ML; kế hoạch AI 2025-2031. | G67: BIDV, Báo cáo thường niên 2025 (bidv.com.vn - Quan hệ nhà đầu tư); thitruongtaichinhtiente.vn, 'BIDV SmartBanking phiên bản X - dấu ấn tiên phong cùng loạt tính năng mới' (07/2025) | H67: 84-85; 88-89; 112-113 | I67: 2025 | J67: Độ tin cậy: TB. Chưa có số liệu giá trị đo lường từ AI. | K67: Việc sử dụng trí tuệ nhân tạo chỉ được thực hiện theo sự vụ. | L67: Trí tuệ nhân tạo được một số bộ phận, đơn vị chức năng sử dụng để mang lại giá trị kinh tế. | M67: Trí tuệ nhân tạo được sử dụng trong toàn doanh nghiệp để mang lại giá trị kinh tế. | N67: Trí tuệ nhân tạo được sử dụng rộng rãi và ngày càng nhiều trong toàn doanh nghiệp để mang lại giá trị kinh tế. | O67: Trí tuệ nhân tạo được sử dụng rộng rãi và ngày càng nhiều trong toàn doanh nghiệp và các đối tác trong hệ sinh thái của doanh nghiệp để mang lại giá trị kinh tế.
A68: 3. Trụ cột Công nghệ | B68: Ứng dụng và nền tảng | C68: 3.4.2 | D68: Nền tảng dữ liệu lớn | E68: 3 | F68: Ứng dụng dữ liệu lớn trong kinh doanh; 2026 đẩy nhanh dữ liệu lớn, AI, tự động hóa trong thẩm định tín dụng, quản trị rủi ro, chăm sóc khách hàng; báo cáo quản trị thời gian thực. | G68: BIDV, Báo cáo thường niên 2025 (bidv.com.vn - Quan hệ nhà đầu tư) | H68: 88-89; 102-103 | I68: 2025 | J68: Độ tin cậy: TB. | K68: Doanh nghiệp chưa có nền tảng dữ liệu lớn. | L68: Doanh nghiệp đã có kế hoạch triển khai nền tảng dữ liệu lớn. | M68: Một nền tảng dữ liệu lớn đã được thiết lập và đi vào hoạt động. | N68: Một nền tảng dữ liệu lớn đang được sử dụng để thu thập, quản lý và phân tích dữ liệu trong toàn doanh nghiệp nhằm mang lại giá trị kinh tế. | O68: Một nền tảng dữ liệu lớn đang được sử dụng để thu thập, quản lý và phân tích dữ liệu trong toàn doanh nghiệp và các đối tác trong hệ sinh thái của doanh nghiệp nhằm mang lại giá trị kinh tế.
A69: 3. Trụ cột Công nghệ | B69: Ứng dụng và nền tảng | C69: 3.4.3 | D69: Công cụ phát triển ứng dụng | E69: N/A | F69: Không tìm thấy thông tin công khai. | K69: Việc sử dụng các công cụ phát triển ứng dụng được thực hiện theo sự vụ. | L69: Doanh nghiệp có sẵn một bộ công cụ phát triển ứng dụng để mang lại giá trị kinh tế. | M69: Doanh nghiệp có sẵn một bộ công cụ phát triển ứng dụng hoàn chỉnh để mang lại giá trị kinh tế. | N69: Doanh nghiệp có các công cụ phát triển ứng dụng tốt nhất trong cùng phân khúc và liên tục được nâng cao để mang lại giá trị kinh doanh. | O69: Doanh nghiệp và các đối tác trong hệ sinh thái của doanh nghiệp có sẵn các công cụ phát triển ứng dụng tốt nhất và liên tục được nâng cao để mang lại giá trị kinh doanh.
A70: 3. Trụ cột Công nghệ | B70: Ứng dụng và nền tảng | C70: 3.4.4 | D70: Danh mục công cụ | E70: N/A | F70: Không tìm thấy thông tin công khai. | K70: Doanh nghiệp chưa có hành động cụ thể để lập danh mục các công cụ. | L70: Một số bộ phận, đơn vị chức năng đã bắt đầu lập danh mục và tài liệu hóa các công cụ họ sử dụng. | M70: Hầu hết các bộ phận, đơn vị chức năng duy trì một danh mục và tài liệu hóa về các công cụ họ sử dụng. | N70: Có một danh mục toàn doanh nghiệp về các công cụ được sử dụng cùng với tài liệu toàn diện. | O70: Có một danh mục các công cụ được sử dụng trên toàn bộ doanh nghiệp và hệ sinh thái của doanh nghiệp cùng với tài liệu toàn diện.
A71: 3. Trụ cột Công nghệ | B71: Kết nối và tính toán | C71: 3.5.1 | D71: Ảo hóa (ví dụ: SDN/NFV) | E71: N/A | F71: Không tìm thấy thông tin công khai. | K71: Ảo hóa chưa được sử dụng. | L71: Một số bộ phận, đơn vị chức năng sử dụng ảo hóa để mang lại giá trị kinh tế (giảm chi phí, tăng năng suất lao động, ...). | M71: Nhiều bộ phận, đơn vị chức năng sử dụng ảo hóa để mang lại giá trị kinh tế. | N71: Doanh nghiệp sử dụng hiệu quả ảo hóa ở bất cứ nơi nào nó mang lại giá trị kinh tế. | O71: Doanh nghiệp và các đối tác trong hệ sinh thái của doanh nghiệp sử dụng hiệu quả ảo hóa ở bất cứ nơi nào nó mang lại giá trị kinh tế.
A72: 3. Trụ cột Công nghệ | B72: Kết nối và tính toán | C72: 3.5.2 | D72: Kết nối không dây | E72: N/A | F72: Không tìm thấy thông tin công khai. | K72: Việc sử dụng kết nối không dây được thực hiện theo sự vụ. | L72: Một số bộ phận, đơn vị chức năng sử dụng kết nối không dây để mang lại giá trị kinh tế. | M72: Nhiều bộ phận, đơn vị chức năng sử dụng kết nối không dây để mang lại giá trị kinh tế. | N72: Doanh nghiệp sử dụng hiệu quả kết nối không dây phù hợp ở bất cứ nơi nào giá trị kinh tế được mang lại. | O72: Doanh nghiệp và các đối tác trong hệ sinh thái của doanh nghiệp sử dụng hiệu quả kết nối không dây thích hợp ở bất cứ nơi nào giá trị kinh tế được mang lại.
A73: 3. Trụ cột Công nghệ | B73: Kết nối và tính toán | C73: 3.5.3 | D73: Giao thức Internet | E73: N/A | F73: Không tìm thấy thông tin công khai. | K73: Việc sử dụng IP được thực hiện theo sự vụ. | L73: IP được một số bộ phận, đơn vị chức năng sử dụng một cách có chủ ý trong toàn doanh nghiệp. | M73: IP được sử dụng bởi hầu hết các bộ phận, đơn vị chức năng trong toàn doanh nghiệp. | N73: IP được sử dụng rộng rãi trong toàn doanh nghiệp. | O73: IP được sử dụng rộng rãi trong toàn doanh nghiệp và các đối tác trong hệ sinh thái của doanh nghiệp.
A74: 3. Trụ cột Công nghệ | B74: Kết nối và tính toán | C74: 3.5.4 | D74: Internet vạn vật | E74: N/A | F74: Không tìm thấy thông tin công khai. | K74: loT chưa được sử dụng. | L74: Một số bộ phận, đơn vị chức năng sử dụng IoT để mang lại giá trị kinh tế. | M74: Hầu hết bộ phận, đơn vị chức năng sử dụng IoT để mang lại giá trị kinh tế. | N74: Doanh nghiệp sử dụng hiệu quả IoT ở bất cứ nơi nào nó mang lại giá trị kinh tế. | O74: Doanh nghiệp và các đối tác trong hệ sinh thái của doanh nghiệp sử dụng hiệu quả IoT ở bất cứ nơi nào nó mang lại giá trị kinh tế.
A75: 3. Trụ cột Công nghệ | B75: Kết nối và tính toán | C75: 3.5.5 | D75: Quản lý hạ tầng | E75: 3 | F75: Kế hoạch quản lý CNTT tập trung và chuyển đổi mô hình điện toán tại chi nhánh; quy trình cập nhật phần mềm, thiết bị; môi trường phát triển, kiểm thử, dự phòng, vận hành tách biệt. | G75: BIDV, Báo cáo thường niên 2025 (bidv.com.vn - Quan hệ nhà đầu tư); sggp.org.vn, 'BIDV nỗ lực làm chủ công nghệ để bứt phá tương lai số' (2025) | H75: 88-89; 112-113 | I75: 2025 | J75: Độ tin cậy: TB. | K75: Quản lý hạ tầng chỉ được thực hiện theo sự vụ. | L75: Một số khía cạnh của Quản lý hạ tầng đang đáp ứng nhu cầu của doanh nghiệp. | M75: Hầu hết các khía cạnh của Quản lý hạ tầng đang đáp ứng nhu cầu của doanh nghiệp. | N75: Quản lý (các) hạ tầng được tích hợp và đáp ứng nhu cầu của doanh nghiệp và liên tục được cải thiện. | O75: Quản lý (các) hạ tầng được tích hợp và đáp ứng nhu cầu của doanh nghiệp cũng như các đối tác trong hệ sinh thái của doanh nghiệp và liên tục được cải thiện.
A76: 3. Trụ cột Công nghệ | B76: Kết nối và tính toán | C76: 3.5.6 | D76: Điều phối nguồn lực | E76: N/A | F76: Không tìm thấy thông tin công khai. | K76: Điều phối nguồn lực được xử lý chưa hiệu quả. | L76: Điều phối nguồn lực đang đáp ứng một phần các - Mức dịch vụ bắt buộc do doanh nghiệp cung cấp. | M76: Điều phối nguồn lực đang đáp ứng các - Mức dịch vụ bắt buộc do doanh nghiệp cung cấp. | N76: Điều phối nguồn lực đang vượt trội - Mức dịch vụ cần thiết do doanh nghiệp cung cấp. | O76: Điều phối đang vượt trội - Mức dịch vụ cần thiết do doanh nghiệp và các đối tác hệ sinh thái của doanh nghiệp cung cấp.
A77: 3. Trụ cột Công nghệ | B77: Kết nối và tính toán | C77: 3.5.7 | D77: Điện toán đám mây | E77: 2 | F77: Định hướng Cloud First - Multi Hybrid Cloud; chưa có minh chứng mức sử dụng thực tế. | G77: sggp.org.vn, 'BIDV nỗ lực làm chủ công nghệ để bứt phá tương lai số' (2025) | H77: web | I77: 2025 | J77: Độ tin cậy: Thấp. | K77: Hạ tầng điện toán đám mây chưa được sử dụng. | L77: Hạ tầng điện toán đám mây được một số bộ phận, đơn vị chức năng sử dụng để mang lại giá trị kinh tế. | M77: Hạ tầng điện toán đám mây được hầu hết các bộ phận, đơn vị chức năng sử dụng để mang lại giá trị kinh tế. | N77: Doanh nghiệp sử dụng hiệu quả hạ tầng điện toán đám mây ở toàn bộ những nơi mà nó giúp mang lại giá trị kinh tế. | O77: Doanh nghiệp và các đối tác trong hệ sinh thái của doanh nghiệp sử dụng hiệu quả hạ tầng điện toán đám mây ở toàn bộ những nơi mà nó giúp mang lại giá trị kinh tế.
A78: 3. Trụ cột Công nghệ | B78: Kết nối và tính toán | C78: 3.5.8 | D78: Điện toán biên | E78: N/A | F78: Không tìm thấy thông tin công khai. | K78: Điện toán biên chưa được sử dụng. | L78: Một số bộ phận, đơn vị chức năng sử dụng điện toán biên để mang lại giá trị kinh tế. | M78: Nhiều bộ phận, đơn vị chức năng sử dụng điện toán biên để mang lại giá trị kinh tế. | N78: Doanh nghiệp sử dụng hiệu quả điện toán biên ở bất cứ nơi nào nó mang lại giá trị kinh tế. | O78: Doanh nghiệp và các đối tác trong hệ sinh thái của doanh nghiệp sử dụng hiệu quả điện toán biên ở bất cứ nơi nào nó mang lại giá trị kinh tế.
A79: 3. Trụ cột Công nghệ | B79: Kết nối và tính toán | C79: 3.5.9 | D79: Tự động hóa | E79: 3 | F79: Tập trung hóa và tự động hóa: hoàn thành giai đoạn 1 tập trung hóa kho quỹ, định giá tài sản tập trung, đề án tập trung hóa nghiệp vụ chuyển tiền đến 2030; B.One. | G79: BIDV, Báo cáo thường niên 2025 (bidv.com.vn - Quan hệ nhà đầu tư) | H79: 88-89; 12-13 | I79: 2025 | J79: Độ tin cậy: TB. | K79: Tự động hóa chỉ được thực hiện theo sự vụ. | L79: Một số bộ phận, đơn vị chức năng đã áp dụng tự động hóa để mang lại giá trị kinh tế. | M79: Hầu hết các quy trình đều được tự động hóa và mang lại giá trị kinh tế. | N79: Tự động hóa Zero-Touch đã sẵn sàng và mang lại giá trị kinh tế trong toàn doanh nghiệp. | O79: Tự động hóa Zero-Touch đã sẵn sàng và mang lại giá trị kinh tế cho toàn doanh nghiệp và các đối tác trong hệ sinh thái của doanh nghiệp.
A80: 4. Trụ cột Vận hành | B80: Quản trị vận hành | C80: 4.1.1 | D80: Mô hình doanh nghiệp | E80: 4 | F80: Tái cơ cấu mô hình: sắp xếp 16 chi nhánh, 94 PGD, tinh gọn Trụ sở chính; mô hình bán lẻ theo phân khúc, tách bán hàng và tác nghiệp tín dụng; chuyên môn hóa, tập trung hóa. | G80: BIDV, Báo cáo thường niên 2025 (bidv.com.vn - Quan hệ nhà đầu tư) | H80: 88-89; 98-99 | I80: 2025 | J80: Độ tin cậy: Cao. | K80: Mô hình vận hành chưa hỗ trợ chiến lược chuyển đổi số. | L80: Mô hình vận hành đang được xây dựng để phù hợp với chiến lược số. | M80: Mô hình vận hành của doanh nghiệp phù hợp với chiến lược số. | N80: Mô hình vận hành của doanh nghiệp thể hiện đầy đủ chiến lược số và nó liên tục được cải thiện. | O80: Mô hình hoạt động của doanh nghiệp và các đối tác trong hệ sinh thái của doanh nghiệp thể hiện đầy đủ chiến lược số và nó liên tục được cải thiện.
A81: 4. Trụ cột Vận hành | B81: Quản trị vận hành | C81: 4.1.2 | D81: Quản lý rủi ro hoạt động | E81: 4 | F81: Quản lý rủi ro hoạt động 3 tuyến; 2025 cải tiến BCP, ứng phó cướp ngân hàng/thiên tai, xếp hạng RRHĐ, QLRRHĐ cho hoạt động thuê ngoài và sản phẩm mới. | G81: BIDV, Báo cáo thường niên 2025 (bidv.com.vn - Quan hệ nhà đầu tư) | H81: 48-51 | I81: 2025 | J81: Độ tin cậy: TB. | K81: Quản lý rủi ro hoạt động chỉ được thực hiện theo sự vụ. | L81: Quản lý rủi ro hoạt động được áp dụng ở một số bộ phận, đơn vị chức năng. | M81: Quản lý rủi ro hoạt động được áp dụng trên hầu hết các bộ phận chức năng. | N81: Quản trị rủi ro hoạt động được áp dụng đầy đủ trong hoạt động của doanh nghiệp. | O81: Quản lý rủi ro hoạt động được áp dụng đầy đủ trong hoạt động của doanh nghiệp và các đối tác trong hệ sinh thái của doanh nghiệp.
A82: 4. Trụ cột Vận hành | B82: Quản trị vận hành | C82: 4.1.3 | D82: Sự tuân thủ | E82: 4 | F82: Basel II sớm, lộ trình Basel III; cập nhật pháp lý (Luật BVDLCN 2025, Luật các TCTD 2025); kiểm tra, giám sát tuân thủ ứng dụng công nghệ giám sát từ xa và cảnh báo sớm. | G82: BIDV, Báo cáo thường niên 2025 (bidv.com.vn - Quan hệ nhà đầu tư) | H82: 46-49; 56-57; 98-99 | I82: 2025 | J82: Độ tin cậy: Cao. | K82: Việc tuân thủ các yêu cầu pháp lý và quy định cũng như áp dụng các tiêu chuẩn chỉ được thực hiện theo sự vụ. | L82: Một số bộ phận, đơn vị chức năng tuân thủ các yêu cầu pháp lý và quy định cũng như áp dụng các tiêu chuẩn trong hoạt động của mình. | M82: Hầu hết các bộ phận, đơn vị chức năng tuân thủ các yêu cầu pháp lý và quy định cũng như áp dụng các tiêu chuẩn trong hoạt động của mình. | N82: Toàn bộ bộ phận, đơn vị chức năng tuân thủ đầy đủ các yêu cầu pháp lý và quy định cũng như áp dụng các tiêu chuẩn trong hoạt động của mình. | O82: Toàn bộ bộ phận, đơn vị chức năng và đối tác trong hệ sinh thái tuân thủ đầy đủ các yêu cầu pháp lý và quy định cũng như áp dụng các tiêu chuẩn trong hoạt động của mình.
A83: 4. Trụ cột Vận hành | B83: Quản trị vận hành | C83: 4.1.4 | D83: Hoạt động bảo đảm vận hành an toàn trong quản lý tài sản doanh nghiệp | E83: 3 | F83: Kế hoạch duy trì hoạt động liên tục (BCP) và ứng phó cướp ngân hàng, thiên tai để đơn vị hoạt động an toàn, thông suốt. | G83: BIDV, Báo cáo thường niên 2025 (bidv.com.vn - Quan hệ nhà đầu tư) | H83: 48-49 | I83: 2025 | J83: Độ tin cậy: TB. | K83: Hoạt động bảo vệ tài sản của doanh nghiệp chỉ được thực hiện theo sự vụ. | L83: Doanh nghiệp đang bảo vệ một phần tài sản của mình. | M83: Hoạt động bảo đảm vận hành bảo vệ tài sản doanh nghiệp được thực hiện trong toàn bộ doanh nghiệp. | N83: Hoạt động bảo đảm vận hành bảo vệ toàn diện tài sản doanh nghiệp trong thời gian thực trên toàn doanh nghiệp. | O83: Hoạt động bảo đảm vận hành bảo vệ hoàn toàn tài sản doanh nghiệp trong thời gian thực trên toàn doanh nghiệp và được thống nhất với các đối tác trong hệ sinh thái của doanh nghiệp.
A84: 4. Trụ cột Vận hành | B84: Thiết kế và đổi mới sáng tạo dịch vụ | C84: 4.2.1 | D84: Đáp ứng yêu cầu kinh doanh/nghiệp vụ | E84: 3 | F84: BIDV tự triển khai hầu hết dự án CNTT trọng điểm đáp ứng nghiệp vụ (B.One, AskBee, BIDV Direct); Ủy ban CNTT chỉ đạo dự án liên Khối. | G84: Báo cáo HĐQT trình ĐHĐCĐ 2026 (bidv.com.vn) | H84: 4; 15 | I84: 2025 | K84: Các yêu cầu nghiệp vụ được chuyển thành Kiến trúc và thiết kế dịch vụ được thực hiện theo sự vụ. | L84: Các yêu cầu kinh doanh/nghiệp vụ được hiểu bởi một số bộ phận, đơn vị chức năng và được chuyển thành Kiến trúc và thiết kế dịch vụ. | M84: Các yêu cầu kinh doanh/nghiệp vụ được hiểu bởi hầu hết các bộ phận, đơn vị chức năng và được chuyển thành Kiến trúc và thiết kế dịch vụ. | N84: Các yêu cầu kinh doanh/nghiệp vụ được doanh nghiệp hiểu đầy đủ và chuyển thành Kiến trúc và thiết kế dịch vụ. | O84: Các yêu cầu kinh doanh/nghiệp vụ được doanh nghiệp và các đối tác trong hệ sinh thái của doanh nghiệp hiểu đầy đủ và chuyển thành Kiến trúc và thiết kế dịch vụ.
A85: 4. Trụ cột Vận hành | B85: Thiết kế và đổi mới sáng tạo dịch vụ | C85: 4.2.2 | D85: Tư duy Thiết kế (Design Thinking) | E85: N/A | F85: Không tìm thấy thông tin công khai. | K85: Tư duy Thiết kế chưa được sử dụng. | L85: Tư duy Thiết kế được áp dụng bởi một số bộ phận, đơn vị chức năng để hiểu nhu cầu và thách thức của các bên liên quan. | M85: Tư duy Thiết kế được hầu hết các bộ phận, đơn vị chức năng áp dụng để hiểu nhu cầu và thách thức của các bên liên quan. | N85: Tư duy Thiết kế được doanh nghiệp áp dụng đầy đủ để hiểu nhu cầu và thách thức của các bên liên quan. | O85: Tư duy Thiết kế được doanh nghiệp và các đối tác trong hệ sinh thái của doanh nghiệp áp dụng đầy đủ để hiểu nhu cầu và thách thức của các bên liên quan.
A86: 4. Trụ cột Vận hành | B86: Thiết kế và đổi mới sáng tạo dịch vụ | C86: 4.2.3 | D86: Phát triển linh hoạt | E86: N/A | F86: Không tìm thấy thông tin công khai. | K86: Agile methods chưa được sử dụng. | L86: Agile methods được một số bộ phận, đơn vị chức năng áp dụng trong quá trình phát triển và cải tiến sản phẩm. | M86: Agile methods được hầu hết các bộ phận, đơn vị chức năng áp dụng trong quá trình phát triển và cải tiến sản phẩm. | N86: Agile methods được toàn bộ doanh nghiệp áp dụng trong quá trình phát triển và cải tiến sản phẩm. | O86: Agile methods được doanh nghiệp và các đối tác trong hệ sinh thái của doanh nghiệp áp dụng đầy đủ trong quá trình phát triển và cải tiến sản phẩm.
A87: 4. Trụ cột Vận hành | B87: Thiết kế và đổi mới sáng tạo dịch vụ | C87: 4.2.4 | D87: Tối ưu hóa quy trình | E87: 4 | F87: Chuẩn hóa hàng trăm quy trình, quy định; tinh giản thủ tục, giảm điểm chạm với chi nhánh; B.One số hóa quản trị nội bộ. | G87: BIDV, Báo cáo thường niên 2025 (bidv.com.vn - Quan hệ nhà đầu tư) | H87: 88-89; 98-99 | I87: 2025 | J87: Độ tin cậy: Cao. | K87: Tối ưu hóa quy trình được thực hiện theo sự vụ. | L87: Một số bộ phận, đơn vị chức năng có tối ưu hóa quy trình hoạt động. | M87: Hầu hết các bộ phận, đơn vị chức năng có tối ưu hóa quy trình hoạt động. | N87: Các quy trình vận hành được doanh nghiệp tối ưu hóa hoàn toàn bất cứ khi nào có thể. | O87: Các quy trình vận hành được doanh nghiệp và các đối tác trong hệ sinh thái của doanh nghiệp tối ưu hóa hoàn toàn bất cứ khi nào có thể.
A88: 4. Trụ cột Vận hành | B88: Thiết kế và đổi mới sáng tạo dịch vụ | C88: 4.2.5 | D88: Đổi mới liên tục sản phẩm và dịch vụ | E88: 4 | F88: 7 giải Sao Khuê 2025; ra mắt SmartBanking X, BIDV Direct, AskBee; chuyển đổi bán lẻ; ứng lương tự động. | G88: BIDV, Báo cáo thường niên 2025 (bidv.com.vn - Quan hệ nhà đầu tư); thitruongtaichinhtiente.vn, 'BIDV SmartBanking phiên bản X - dấu ấn tiên phong cùng loạt tính năng mới' (07/2025) | H88: 12-13; 88-89 | I88: 2025 | J88: Độ tin cậy: Cao. | K88: Đổi mới sáng tạo được thực hiện theo sự vụ. | L88: Một số bộ phận, đơn vị chức năng đổi mới để cải thiện các dịch vụ hiện có và giới thiệu những dịch vụ mới. | M88: Hầu hết các bộ phận, đơn vị chức năng đổi mới để cải thiện các dịch vụ hiện có và giới thiệu những dịch vụ mới. | N88: Doanh nghiệp liên tục đổi mới để cải thiện các dịch vụ hiện có và giới thiệu những dịch vụ mới. | O88: Doanh nghiệp và các đối tác trong hệ sinh thái của mình liên tục đổi mới để cải thiện các dịch vụ hiện có và giới thiệu các dịch vụ mới.
A89: 4. Trụ cột Vận hành | B89: Thiết kế và đổi mới sáng tạo dịch vụ | C89: 4.2.6 | D89: Hợp tác với đối tác | E89: 4 | F89: Hợp tác Hana Bank (30 dự án hỗ trợ kỹ thuật), FIS (core banking), tư vấn quốc tế cho chuyển đổi bán lẻ; liên doanh bảo hiểm, thuê tài chính. | G89: BIDV, Báo cáo thường niên 2025 (bidv.com.vn - Quan hệ nhà đầu tư); FIS Global, BIDV Client Story (core banking Profile); The Asian Banker, 'Best Core Banking Technology Implementation in Vietnam 2024' (bidv.com.vn) | H89: 66-71; 90-91; 98-99 | I89: 2025 | J89: Độ tin cậy: TB. | K89: Hợp tác đối tác được thực hiện theo sự vụ. | L89: Một số bộ phận, đơn vị chức năng có quy trình Hợp tác đối tác hiệu quả. | M89: Hầu hết các bộ phận, đơn vị chức năng đều có quy trình Hợp tác đối tác hiệu quả. | N89: Doanh nghiệp có một quy trình hiệu quả để Hợp tác các đối tác. | O89: Doanh nghiệp và các đối tác trong hệ sinh thái của mình có một quy trình hiệu quả để Hợp tác các đối tác.
A90: 4. Trụ cột Vận hành | B90: Chuyển tiếp/Triển khai dịch vụ | C90: 4.3.1 | D90: Quản lý thay đổi hoạt động | E90: 3 | F90: Core banking go-live theo kịch bản và lịch trình đã lập (Profile 2023, Yangon 2025); quy trình chặt chẽ cập nhật phần mềm, thiết bị. | G90: BIDV, Báo cáo thường niên 2025 (bidv.com.vn - Quan hệ nhà đầu tư); FIS Global, BIDV Client Story (core banking Profile); The Asian Banker, 'Best Core Banking Technology Implementation in Vietnam 2024' (bidv.com.vn) | H90: 88-89; 98-99 | I90: 2025 | J90: Độ tin cậy: Thấp. | K90: Quản lý thay đổi được thực hiện theo sự vụ. | L90: Một số bộ phận, đơn vị chức năng đã thống nhất và xác định trách nhiệm quản lý thay đổi. | M90: Hầu hết các bộ phận, đơn vị chức năng đã thống nhất và xác định trách nhiệm quản lý thay đổi. | N90: Doanh nghiệp đã xác định rõ ràng trách nhiệm quản lý thay đổi. | O90: Doanh nghiệp và các đối tác trong hệ sinh thái của doanh nghiệp đã thống nhất và xác định rõ trách nhiệm đối với việc quản lý thay đổi.
A91: 4. Trụ cột Vận hành | B91: Chuyển tiếp/Triển khai dịch vụ | C91: 4.3.2 | D91: Quản lý phát hành | E91: N/A | F91: Không tìm thấy thông tin công khai. | K91: Quản lý phát hành được thực hiện theo sự vụ. | L91: Cách tiếp cận Quản lý phát hành được một số bộ phận bộ phận, đơn vị chức năng đồng ý và áp dụng. | M91: Cách tiếp cận Quản lý phát hành được hầu hết các bộ phận bộ phận, đơn vị chức năng đồng ý và áp dụng. | N91: Cách tiếp cận Quản lý phát hành linh hoạt, được thống nhất và áp dụng trong toàn doanh nghiệp. | O91: Cách tiếp cận Quản lý phát hành linh hoạt, được thống nhất và áp dụng trong toàn doanh nghiệp và các đối tác trong hệ sinh thái của doanh nghiệp.
A92: 4. Trụ cột Vận hành | B92: Chuyển tiếp/Triển khai dịch vụ | C92: 4.3.3 | D92: DevSecOps | E92: N/A | F92: Không tìm thấy thông tin công khai. | K92: DevSecOps chưa được sử dụng. | L92: Các nguyên tắc DevSecOps đang bắt đầu được xác định. | M92: Các nguyên tắc DevSecOps được xác định và bắt đầu được giới thiệu. | N92: Các nguyên tắc DevSecOps được doanh nghiệp áp dụng triệt để. | O92: Các nguyên tắc DevSecOps được doanh nghiệp và các đối tác trong hệ sinh thái của doanh nghiệp áp dụng đầy đủ.
A93: 4. Trụ cột Vận hành | B93: Chuyển tiếp/Triển khai dịch vụ | C93: 4.3.4 | D93: CI/CD | E93: N/A | F93: Không tìm thấy thông tin công khai. | K93: CI/CD chưa được sử dụng. | L93: Quy trình công việc CI/CD đang bắt đầu được xác định. | M93: Quy trình công việc CI/CD được ghi lại đang bắt đầu được giới thiệu. | N93: Doanh nghiệp vận hành quy trình công việc CI/CD được ưu tiên và ghi chép đầy đủ. | O93: Doanh nghiệp và các đối tác trong hệ sinh thái của doanh nghiệp vận hành quy trình làm việc CI/CD được ưu tiên và ghi chép đầy đủ.
A94: 4. Trụ cột Vận hành | B94: Vận hành dịch vụ | C94: 4.4.1 | D94: Đảm bảo dịch vụ | E94: 4 | F94: Hệ thống IT vận hành an toàn, thông suốt khi giao dịch tăng 1,5 lần; hiệu năng tối đa tăng hơn 5 lần so với 2024; rà soát đầu tư hạ tầng Zero Downtime; Contact Center 24/7. | G94: BIDV, Báo cáo thường niên 2025 (bidv.com.vn - Quan hệ nhà đầu tư) | H94: 98-99; 112-113 | I94: 2025 | J94: Độ tin cậy: Cao. | K94: Đảm bảo dịch vụ được thực hiện theo sự vụ. | L94: Đảm bảo dịch vụ được ban hành nhưng thỉnh thoảng các dịch vụ mới đạt được - Mức hiệu suất đã thỏa thuận. | M94: Đảm bảo dịch vụ được áp dụng và các dịch vụ đang hoạt động ở - Mức hiệu suất đã thỏa thuận. | N94: Đảm bảo dịch vụ được áp dụng và các dịch vụ do doanh nghiệp cung cấp đang hoạt động ở - Mức hiệu suất đã thỏa thuận và liên tục cải thiện. | O94: Đảm bảo dịch vụ được áp dụng và các dịch vụ do doanh nghiệp và các đối tác trong hệ sinh thái của doanh nghiệp cung cấp đang hoạt động ở - Mức hiệu suất đã thỏa thuận và liên tục cải thiện.
A95: 4. Trụ cột Vận hành | B95: Vận hành dịch vụ | C95: 4.4.2 | D95: SRE | E95: N/A | F95: Không tìm thấy thông tin công khai. | K95: SRE chưa được sử dụng. | L95: SRE được thực hiện một phần bởi doanh nghiệp. | M95: SRE được thực hiện bởi doanh nghiệp. | N95: SRE được doanh nghiệp triển khai hiệu quả để cung cấp các hoạt động dịch vụ không có lỗi. | O95: SRE được doanh nghiệp và các đối tác trong hệ sinh thái của doanh nghiệp triển khai hiệu quả để cung cấp các hoạt động dịch vụ không có lỗi.
A96: 4. Trụ cột Vận hành | B96: Vận hành dịch vụ | C96: 4.4.3 | D96: Hoạt động chuỗi cung ứng | E96: N/A | F96: Không tìm thấy thông tin công khai. | K96: Hoạt động chuỗi cung ứng chưa linh hoạt và chưa kịp thời. | L96: Hoạt động chuỗi cung ứng có tính linh hoạt hạn chế. | M96: Hoạt động chuỗi cung ứng linh hoạt. | N96: Hoạt động chuỗi cung ứng linh hoạt và có thể phản ứng kịp thời với những thay đổi. | O96: Hoạt động chuỗi cung ứng của doanh nghiệp và các đối tác trong hệ sinh thái của doanh nghiệp rất linh hoạt và có thể phản ứng kịp thời với những thay đổi.
A97: 4. Trụ cột Vận hành | B97: Vận hành dịch vụ | C97: 4.4.4 | D97: Đáp ứng yêu cầu sản phẩm và dịch vụ của khách hàng | E97: 3 | F97: Vay ứng lương tự động trên SmartBanking; bảo lãnh điện tử kết nối hệ thống đấu thầu quốc gia; ký số tập trung; i-Translation ISO 20022. | G97: BIDV, Báo cáo thường niên 2025 (bidv.com.vn - Quan hệ nhà đầu tư) | H97: 12-13 | I97: 2025 | J97: Độ tin cậy: TB. | K97: Đáp ứng yêu cầu sản phẩm và dịch vụ được thực hiện theo sự vụ. | L97: Đáp ứng yêu cầu sản phẩm và dịch vụ đang bắt đầu để đảm bảo rằng các sản phẩm hoàn chỉnh và theo yêu cầu của khách hàng. | M97: Đáp ứng yêu cầu sản phẩm và dịch vụ đảm bảo các sản phẩm được cung cấp bởi doanh nghiệp là hoàn chỉnh và thường theo yêu cầu. | N97: Đáp ứng yêu cầu sản phẩm và dịch vụ đảm bảo các sản phẩm do doanh nghiệp cung cấp luôn đầy đủ và có sẵn theo yêu cầu. | O97: Đáp ứng yêu cầu sản phẩm và dịch vụ đảm bảo các sản phẩm do doanh nghiệp và các đối tác trong hệ sinh thái của doanh nghiệp cung cấp luôn đầy đủ và sẵn sàng theo yêu cầu.
A98: 4. Trụ cột Vận hành | B98: Vận hành dịch vụ | C98: 4.4.5 | D98: Giám sát hoạt động | E98: 3 | F98: SOC 24/7 giám sát; KRI và báo cáo định kỳ/đột xuất; Ban Chính sách & Giám sát hệ thống; rà quét lỗ hổng hằng quý. | G98: BIDV, Báo cáo phát triển bền vững 2025; BIDV, Báo cáo thường niên 2025 | H98: 80; 85 | I98: 2025 | K98: Giám sát hoạt động được thực hiện theo sự vụ. | L98: Giám sát hoạt động cung cấp cái nhìn một phần về hiệu suất dịch vụ để quản lý các dịch vụ do doanh nghiệp cung cấp. | M98: Giám sát hoạt động cung cấp một cái nhìn toàn diện về hiệu suất dịch vụ để quản lý các dịch vụ do doanh nghiệp cung cấp. | N98: Giám sát hoạt động cung cấp một cái nhìn tổng thể theo thời gian thực về hiệu suất dịch vụ để quản lý và cải thiện các dịch vụ do doanh nghiệp cung cấp. | O98: Giám sát hoạt động cung cấp một cái nhìn tổng thể theo thời gian thực về hiệu suất dịch vụ để quản lý và cải thiện các dịch vụ do doanh nghiệp và các đối tác trong hệ sinh thái của doanh nghiệp cung cấp.
A99: 4. Trụ cột Vận hành | B99: Vận hành dịch vụ | C99: 4.4.6 | D99: Hoạt động quản lý doanh thu | E99: N/A | F99: Không tìm thấy thông tin công khai. | K99: Các công nghệ số chưa được doanh nghiệp sử dụng để đảm bảo doanh thu. | L99: Các công nghệ số được doanh nghiệp sử dụng một phần để đảm bảo doanh thu. | M99: Các công nghệ số được doanh nghiệp sử dụng để đảm bảo doanh thu. | N99: Các công nghệ số được doanh nghiệp sử dụng rộng rãi để đảm bảo doanh thu theo thời gian thực. | O99: Các công nghệ số được doanh nghiệp và các đối tác trong hệ sinh thái của doanh nghiệp sử dụng rộng rãi để đảm bảo doanh thu theo thời gian thực.
A100: 4. Trụ cột Vận hành | B100: Vận hành dịch vụ | C100: 4.4.7 | D100: Hoạt động quản lý gian lận | E100: 3 | F100: Quy trình PCRT/cấm vận kiểm soát từ khi thiết lập quan hệ khách hàng; SmartBanking X cảnh báo giao dịch nghi ngờ bằng AI/ML; BIDV Direct chặn giao dịch khi chưa sinh trắc học. | G100: BIDV, Báo cáo thường niên 2025 (bidv.com.vn - Quan hệ nhà đầu tư); thitruongtaichinhtiente.vn, 'BIDV SmartBanking phiên bản X - dấu ấn tiên phong cùng loạt tính năng mới' (07/2025); sggp.org.vn, 'BIDV nỗ lực làm chủ công nghệ để bứt phá tương lai số' (2025) | H100: 52-53 | I100: 2025 | J100: Độ tin cậy: TB. | K100: Các công nghệ số chưa được doanh nghiệp sử dụng để ngăn chặn rủi ro. | L100: Các công nghệ số được doanh nghiệp sử dụng một phần để ngăn chặn gian lận. | M100: Các công nghệ số được doanh nghiệp sử dụng để ngăn chặn gian lận. | N100: Các công nghệ số được doanh nghiệp sử dụng rộng rãi để ngăn chặn gian lận trong thời gian thực. | O100: Các công nghệ số được doanh nghiệp và các đối tác trong hệ sinh thái của doanh nghiệp sử dụng rộng rãi để ngăn chặn gian lận trong thời gian thực.
A101: 4. Trụ cột Vận hành | B101: Vận hành dịch vụ | C101: 4.4.8 | D101: Vận hành hệ thống | E101: 4 | F101: Chuyển đổi Core Banking Profile (03/09/2023), thay hệ thống lõi cũ, tích hợp hàng trăm ứng dụng; tự làm chủ, nâng cấp toàn diện. | G101: BIDV, Báo cáo thường niên 2025 (bidv.com.vn - Quan hệ nhà đầu tư); FIS Global, BIDV Client Story (core banking Profile); The Asian Banker, 'Best Core Banking Technology Implementation in Vietnam 2024' (bidv.com.vn) | H101: 20-21; 88-89 | I101: 2025 | J101: Độ tin cậy: Cao. | K101: Nâng cấp, cải tiến hệ thống sẵn có chỉ được thực hiện theo sự vụ. | L101: Các hệ thống cũ được nâng cấp và tích hợp một phần vào các hoạt động tổng thể. | M101: Các hệ thống cũ được nâng cấp và tích hợp vào các hoạt động tổng thể. | N101: Các hệ thống cũ được nâng cấp và tích hợp đầy đủ và liền mạch vào các hoạt động tổng thể. | O101: Các hệ thống cũ của doanh nghiệp và đối tác trong hệ sinh thái của doanh nghiệp được nâng cấp và tích hợp đầy đủ và liền mạch vào các hoạt động tổng thể.
A102: 5. Trụ cột Văn hóa | B102: Giá trị doanh nghiệp | C102: 5.1.1 | D102: Hành vi lãnh đạo | E102: 3 | F102: Phương châm 2025 'Trách nhiệm - Tinh gọn - Hiệu quả - Tăng tốc chuyển đổi'; phương châm 2026 'Kỷ cương - Chất lượng - Hiệu quả - Chuyển đổi toàn diện'; lãnh đạo xây dựng văn hóa làm việc đề cao hiệu quả. | G102: BIDV, Báo cáo thường niên 2025 (bidv.com.vn - Quan hệ nhà đầu tư); bidv.com.vn, 'BIDV tổ chức ĐHĐCĐ thường niên 2025' (26/04/2025) | H102: 88-89; 100-103 | I102: 2025 | J102: Độ tin cậy: TB. | K102: Hành vi của lãnh đạo được thực hiện theo sự vụ, chưa có sự liên kết rõ ràng với chiến lược và hoàn cảnh của doanh nghiệp. | L102: Hành vi lãnh đạo trong một số bộ phận, đơn vị chức năng phù hợp với chiến lược và bối cảnh của doanh nghiệp. | M102: Hành vi lãnh đạo trong hầu hết các bộ phận, đơn vị chức năng phù hợp với chiến lược và bối cảnh của doanh nghiệp. | N102: Hành vi lãnh đạo trong toàn doanh nghiệp hoàn toàn phù hợp với chiến lược và bối cảnh của doanh nghiệp. | O102: Hành vi lãnh đạo trong toàn doanh nghiệp và các đối tác trong hệ sinh thái hoàn toàn phù hợp với chiến lược và bối cảnh chung của họ.
A103: 5. Trụ cột Văn hóa | B103: Giá trị doanh nghiệp | C103: 5.1.2 | D103: Tác động của nhân viên | E103: N/A | F103: Không tìm thấy thông tin công khai. | K103: Nhân viên chưa hiểu tác động của họ đối với doanh nghiệp. | L103: Nhân viên trong một số bộ phận, đơn vị chức năng hiểu tác động của họ ở cấp độ bộ phận, đơn vị chức năng. | M103: Nhân viên trong hầu hết các bộ phận, đơn vị chức năng hiểu tác động của họ ở cấp độ bộ phận, đơn vị chức năng. | N103: Tất cả nhân viên của doanh nghiệp hiểu đầy đủ tác động của họ đối với doanh nghiệp. | O103: Tất cả nhân viên của doanh nghiệp và các đối tác trong hệ sinh thái của doanh nghiệp hiểu đầy đủ về tác động và đóng góp của họ đối với hoạt động kinh doanh chung của họ.
A104: 5. Trụ cột Văn hóa | B104: Giá trị doanh nghiệp | C104: 5.1.3 | D104: Giá trị được chia sẻ | E104: 3 | F104: Phong trào học tập 'kiến thức số', 'văn hóa số'; 100% Ban lãnh đạo cấp cao đã tham gia chương trình ESG; chiến dịch Digi Up (2020). | G104: BIDV, Báo cáo thường niên 2025 (bidv.com.vn - Quan hệ nhà đầu tư); vnexpress.net, 'BIDV đẩy mạnh chuyển đổi số' (chiến dịch BIDV Digi Up, 2020) | H104: 76-77; 102-103 | I104: 2025 | J104: Độ tin cậy: TB. | K104: Nhân viên chưa biết chiến lược chuyển đổi số. | L104: Nhân viên trong một số bộ phận, đơn vị chức năng ủng hộ chiến lược số của doanh nghiệp. | M104: Nhân viên ở hầu hết các bộ phận, đơn vị chức năng tin tưởng vào chiến lược số của doanh nghiệp. | N104: Tất cả nhân viên hoàn toàn tin tưởng vào chiến lược số của doanh nghiệp. | O104: Tất cả nhân viên hoàn toàn đồng ý với chiến lược số được chia sẻ của doanh nghiệp và các đối tác trong hệ sinh thái của doanh nghiệp.
A105: 5. Trụ cột Văn hóa | B105: Giá trị doanh nghiệp | C105: 5.1.4 | D105: Thất bại có kiểm soát | E105: N/A | F105: Không tìm thấy thông tin công khai. | K105: Văn hóa chưa khuyến khích sự minh bạch và sự thất bại. | L105: Một số bộ phận, đơn vị chức năng có văn hóa cho phép “thất bại trong một giới hạn nhất định” với các cơ chế được áp dụng để giảm thiểu các tác động ảnh hưởng. | M105: Hầu hết các bộ phận, đơn vị chức năng có văn hóa cho phép “thất bại trong một giới hạn nhất định” với các cơ chế được áp dụng để giảm thiểu các tác động ảnh hưởng. | N105: Toàn bộ doanh nghiệp có văn hóa cho phép “thất bại trong một giới hạn nhất định” với các cơ chế được áp dụng để giảm thiểu các tác động ảnh hưởng. | O105: Toàn bộ doanh nghiệp và các đối tác trong hệ sinh thái của doanh nghiệp có văn hóa cho phép “thất bại trong 1 giới hạn nhất định” với các cơ chế được áp dụng để giảm thiểu các tác động ảnh hưởng.
...
